STATEFP,COUNTYFP,NetReturns,NetIndividuals,NetAGI,realNETAGI,year
6,1,-18,-57,653,770.54,2012
8,1,16,49,1755,2070.9,2012
9,1,34,66,3842,4533.56,2012
11,1,4,-2,6540,7717.2,2012
12,1,0,-1,-69,-81.42,2012
16,1,0,4,305,359.9,2012
25,1,-4,-8,-495,-584.1,2012
34,1,10,25,606,715.08,2012
35,1,7,12,862,1017.16,2012
36,1,5,12,383,451.94,2012
37,1,-39,-33,3877,4574.86,2012
4,3,13,32,694,818.92,2012
9,3,40,84,2992,3530.56,2012
10,3,26,19,1911,2254.98,2012
15,3,13,14,1513,1785.34,2012
18,3,11,20,1095,1292.1,2012
24,3,16,54,3083,3637.94,2012
32,3,-4,30,466,549.88,2012
34,3,36,81,3398,4009.64,2012
42,3,31,54,205,241.9,2012
44,3,1,8,151,178.18,2012
45,3,12,16,603,711.54,2012
51,3,14,21,929,1096.22,2012
8,5,-11,-14,133,156.94,2012
9,5,11,22,826,974.68,2012
10,5,-15,-22,-619,-730.42,2012
12,5,4,15,430,507.4,2012
23,5,10,16,1189,1403.02,2012
24,5,5,14,1413,1667.34,2012
25,5,16,50,2054,2423.72,2012
34,5,25,51,1238,1460.84,2012
36,5,82,173,3476,4101.68,2012
9,7,14,27,853,1006.54,2012
34,7,24,53,1081,1275.58,2012
36,7,30,39,2516,2968.88,2012
44,7,17,37,1244,1467.92,2012
45,7,-1,-1,-158,-186.44,2012
50,7,12,17,972,1146.96,2012
9,9,57,105,3825,4513.5,2012
12,9,-4,-13,232,273.76,2012
25,9,7,45,1836,2166.48,2012
37,9,1,2,-154,-181.72,2012
1,101,16,41,587,692.66,2012
12,101,17,24,275,324.5,2012
37,101,-267,-615,-13508,-15939.44,2012
42,101,13,21,2983,3519.94,2012
12,103,-8,-18,-1566,-1847.88,2012
36,103,286,384,13586,16031.48,2012
39,103,13,27,740,873.2,2012
12,105,15,23,739,872.02,2012
18,105,13,17,558,658.44,2012
37,105,-553,-2421,-18936,-22344.48,2012
37,107,56,100,1900,2242,2012
51,107,23,35,2124,2506.32,2012
12,109,-2,-15,-74,-87.32,2012
31,109,14,26,613,723.34,2012
36,109,21,35,1176,1387.68,2012
37,109,-3,-9,-422,-497.96,2012
40,109,-13,-24,-644,-759.92,2012
9,11,6,30,307,362.26,2012
12,11,80,142,4152,4899.36,2012
33,11,60,134,6982,8238.76,2012
42,11,22,48,1541,1818.38,2012
6,111,-6,-24,-668,-788.24,2012
12,111,0,2,-1269,-1497.42,2012
17,111,10,19,4081,4815.58,2012
21,111,6,17,390,460.2,2012
36,111,23,41,1224,1444.32,2012
37,111,4,7,74,87.32,2012
12,113,-11,-18,-683,-805.94,2012
13,113,13,32,1207,1424.26,2012
19,113,10,15,621,732.78,2012
37,113,11,15,428,505.04,2012
39,113,15,27,718,847.24,2012
48,113,5,-22,6212,7330.16,2012
12,115,-18,-38,-1768,-2086.24,2012
1,117,12,19,425,501.5,2012
12,117,-3,-4,-333,-392.94,2012
13,117,0,-16,228,269.04,2012
37,117,15,14,746,880.28,2012
51,117,27,50,382,450.76,2012
5,119,3,7,268,316.24,2012
12,119,-17,-31,-1084,-1279.12,2012
36,119,161,209,7502,8852.36,2012
37,119,-301,-574,-23534,-27770.12,2012
13,121,-46,-4,5214,6152.52,2012
48,121,2,12,26,30.68,2012
51,121,20,23,321,378.78,2012
27,123,-19,-46,-1190,-1404.2,2012
37,123,11,19,431,508.58,2012
1,125,10,17,413,487.34,2012
26,125,12,4,-60,-70.8,2012
37,125,47,83,1276,1505.68,2012
42,125,21,30,1517,1790.06,2012
47,125,-14,-30,-369,-435.42,2012
12,127,30,59,1175,1386.5,2012
37,127,256,557,14401,16993.18,2012
37,129,111,103,-13796,-16279.28,2012
42,129,18,38,1470,1734.6,2012
4,13,35,61,279,329.22,2012
6,13,10,14,1200,1416,2012
8,13,-11,-8,-786,-927.48,2012
19,13,10,21,933,1100.94,2012
24,13,12,18,838,988.84,2012
25,13,24,51,791,933.38,2012
33,13,10,23,730,861.4,2012
34,13,77,162,3404,4016.72,2012
37,13,24,49,1845,2177.1,2012
45,13,4,1,819,966.42,2012
51,13,25,70,6671,7871.78,2012
37,131,4,4,99,116.82,2012
37,133,9,4,1326,1564.68,2012
39,133,11,18,960,1132.8,2012
42,133,17,38,2182,2574.76,2012
13,135,16,41,-327,-385.86,2012
37,135,497,667,5875,6932.5,2012
37,137,4,5,-464,-547.52,2012
13,139,-11,-26,-758,-894.44,2012
26,139,11,29,806,951.08,2012
37,139,33,68,890,1050.2,2012
18,141,11,25,1140,1345.2,2012
37,141,-13,-33,-1572,-1854.96,2012
48,141,-17,-26,-456,-538.08,2012
17,143,-23,-51,-3802,-4486.36,2012
40,143,-15,-30,-787,-928.66,2012
51,143,0,7,-48,-56.64,2012
26,145,-11,-19,-650,-767,2012
37,145,-11,-53,1819,2146.42,2012
37,147,223,355,11455,13516.9,2012
47,149,13,32,510,601.8,2012
12,15,11,16,600,708,2012
25,15,10,16,729,860.22,2012
33,15,7,28,1181,1393.58,2012
34,15,10,21,652,769.36,2012
36,15,10,14,390,460.2,2012
37,15,-5,3,-15,-17.7,2012
45,15,11,10,-657,-775.26,2012
13,151,15,33,670,790.6,2012
37,151,-2,13,-1278,-1508.04,2012
39,151,17,45,912,1076.16,2012
19,153,4,-6,-345,-407.1,2012
37,153,18,33,587,692.66,2012
39,153,40,67,2823,3331.14,2012
51,153,27,70,2682,3164.76,2012
37,155,25,55,1467,1731.06,2012
18,157,19,34,1291,1523.38,2012
37,157,-11,-18,-250,-295,2012
47,157,19,32,1732,2043.76,2012
48,157,-24,-52,-1935,-2283.3,2012
37,159,23,46,1331,1570.58,2012
20,161,12,30,589,695.02,2012
26,161,0,10,-969,-1143.42,2012
37,161,-11,-16,-423,-499.14,2012
51,161,-10,-14,-364,-429.52,2012
19,163,18,39,2490,2938.2,2012
26,163,19,36,3075,3628.5,2012
37,163,-60,-365,-876,-1033.68,2012
37,165,18,24,896,1057.28,2012
39,165,21,56,2606,3075.08,2012
47,165,-10,-19,-788,-929.84,2012
37,167,9,14,192,226.56,2012
37,169,13,19,443,522.74,2012
12,17,3,-3,-230,-271.4,2012
22,17,10,18,924,1090.32,2012
24,17,20,52,1853,2186.54,2012
25,17,57,126,3973,4688.14,2012
34,17,33,75,3598,4245.64,2012
37,17,1,-12,-265,-312.7,2012
39,17,23,48,3819,4506.42,2012
42,17,20,60,1598,1885.64,2012
37,171,6,14,179,211.22,2012
20,173,18,34,763,900.34,2012
39,173,15,28,1032,1217.76,2012
51,177,19,36,1721,2030.78,2012
37,179,8,22,-677,-798.86,2012
47,179,12,17,1294,1526.92,2012
51,179,10,33,505,595.9,2012
37,181,27,100,2205,2601.9,2012
29,183,11,24,1243,1466.74,2012
37,183,733,1511,39573,46696.14,2012
37,185,29,20,479,565.22,2012
37,187,5,0,-155,-182.9,2012
47,187,-6,-28,-783,-923.94,2012
29,189,8,8,-85,-100.3,2012
37,189,17,16,155,182.9,2012
4,19,37,71,897,1058.46,2012
12,19,10,22,425,501.5,2012
17,19,10,16,292,344.56,2012
34,19,19,54,3238,3820.84,2012
37,19,7,-4,-1752,-2067.36,2012
42,19,13,17,476,561.68,2012
45,19,4,12,-1736,-2048.48,2012
51,19,8,9,1001,1181.18,2012
37,191,15,-10,2509,2960.62,2012
37,193,6,20,521,614.78,2012
37,195,107,229,4369,5155.42,2012
17,197,8,31,1248,1472.64,2012
2,20,-2,-5,82,96.76,2012
17,201,11,19,658,776.44,2012
48,201,-83,-193,-5022,-5925.96,2012
12,21,2,0,1064,1255.52,2012
13,21,10,23,456,538.08,2012
24,21,13,23,980,1156.4,2012
25,21,8,18,2339,2760.02,2012
34,21,24,48,2500,2950,2012
37,21,-49,-103,-5794,-6836.92,2012
13,215,21,48,860,1014.8,2012
25,23,9,15,479,565.22,2012
34,23,42,112,5068,5980.24,2012
37,23,4,6,44,51.92,2012
50,23,12,25,757,893.26,2012
13,245,-1,-10,-136,-160.48,2012
24,25,6,3,180,212.4,2012
25,25,2,4,2853,3366.54,2012
34,25,8,23,2034,2400.12,2012
37,25,25,58,2082,2456.76,2012
55,25,0,15,-93,-109.74,2012
24,27,-23,-24,496,585.28,2012
25,27,37,125,5075,5988.5,2012
34,27,42,76,1997,2356.46,2012
36,27,22,28,900,1062,2012
37,27,4,3,-778,-918.04,2012
42,27,8,12,698,823.64,2012
48,27,7,14,228,269.04,2012
34,29,9,0,352,415.36,2012
36,29,37,51,1849,2181.82,2012
42,29,19,44,3529,4164.22,2012
48,29,-29,-54,-2215,-2613.7,2012
8,31,-38,-69,-4876,-5753.68,2012
12,31,-11,-33,-2238,-2640.84,2012
17,31,51,171,9168,10818.24,2012
23,31,11,19,485,572.3,2012
24,31,20,20,4171,4921.78,2012
34,31,43,94,2778,3278.04,2012
37,31,-54,-94,-24722,-29171.96,2012
12,33,-7,-10,-690,-814.2,2012
22,33,-78,-331,-1594,-1880.92,2012
24,33,20,39,1316,1552.88,2012
37,33,19,50,993,1171.74,2012
53,33,-15,15,6116,7216.88,2012
48,339,-15,-38,-1060,-1250.8,2012
8,35,-14,-32,-2422,-2857.96,2012
34,35,26,45,3106,3665.08,2012
37,35,17,40,223,263.14,2012
39,35,30,64,-8500,-10030,2012
45,35,7,19,552,651.36,2012
49,35,-24,-28,-1959,-2311.62,2012
6,37,37,81,5353,6316.54,2012
24,37,0,-2,15,17.7,2012
27,37,-13,-35,-1343,-1584.74,2012
34,37,14,32,1154,1361.72,2012
37,37,-229,-486,-42231,-49832.58,2012
47,37,-23,-8,766,903.88,2012
34,39,28,80,2325,2743.5,2012
54,39,-11,-22,-757,-893.26,2012
8,41,13,28,-1012,-1194.16,2012
34,41,10,17,587,692.66,2012
37,41,-7,-13,-618,-729.24,2012
39,41,1,-15,-83,-97.94,2012
42,41,1,16,421,496.78,2012
45,41,18,41,929,1096.22,2012
48,41,22,46,1785,2106.3,2012
51,41,13,20,1095,1292.1,2012
17,43,19,45,1899,2240.82,2012
42,43,20,32,1414,1668.52,2012
45,43,0,1,-422,-497.96,2012
48,439,12,21,1142,1347.56,2012
36,45,7,26,453,534.54,2012
37,45,0,-11,-173,-204.14,2012
42,45,6,28,384,453.12,2012
45,45,-7,-41,-830,-979.4,2012
48,453,-111,-186,-12678,-14960.04,2012
36,47,68,189,5524,6518.32,2012
37,47,5,15,153,180.54,2012
26,49,22,51,1110,1309.8,2012
28,49,10,20,1111,1310.98,2012
37,49,53,99,1438,1696.84,2012
39,49,1,22,2314,2730.52,2012
42,49,14,19,1304,1538.72,2012
49,49,12,30,600,708,2012
48,491,3,10,683,805.94,2012
13,51,-7,5,340,401.2,2012
22,51,13,35,523,617.14,2012
37,51,157,260,9626,11358.68,2012
41,51,-13,-12,-1621,-1912.78,2012
45,51,-26,-47,-12507,-14758.26,2012
24,510,21,37,1308,1543.44,2012
29,510,2,6,-42,-49.56,2012
51,510,22,43,2552,3011.36,2012
12,53,14,25,321,378.78,2012
27,53,29,66,2042,2409.56,2012
37,53,12,19,468,552.24,2012
53,53,6,16,371,437.78,2012
51,540,31,59,1597,1884.46,2012
31,55,15,23,866,1021.88,2012
36,55,55,115,3252,3837.36,2012
37,55,16,27,293,345.74,2012
51,550,-14,-18,-357,-421.26,2012
12,57,-10,-56,-1238,-1460.84,2012
13,57,4,19,322,379.96,2012
18,57,4,25,1556,1836.08,2012
37,57,11,11,379,447.22,2012
45,57,-13,-27,-1094,-1290.92,2012
6,59,28,62,3480,4106.4,2012
8,59,-5,-2,-133,-156.94,2012
13,59,14,15,326,384.68,2012
36,59,79,189,7903,9325.54,2012
37,59,10,14,384,453.12,2012
51,59,103,250,17625,20797.5,2012
51,590,15,29,651,768.18,2012
12,61,-14,-26,-480,-566.4,2012
36,61,-12,56,11545,13623.1,2012
37,61,-109,-443,-2850,-3363,2012
39,61,9,24,753,888.54,2012
53,61,10,23,566,667.88,2012
54,61,-1,-7,-355,-418.9,2012
13,63,-8,-13,-376,-443.68,2012
36,63,12,15,460,542.8,2012
37,63,-424,-219,28572,33714.96,2012
45,63,19,56,995,1174.1,2012
53,63,13,16,356,420.08,2012
6,65,5,7,812,958.16,2012
26,65,48,77,1338,1578.84,2012
36,65,9,10,720,849.6,2012
37,65,39,79,7448,8788.64,2012
47,65,2,26,-59,-69.62,2012
51,650,4,1,435,513.3,2012
6,67,-8,-19,-1245,-1469.1,2012
13,67,2,29,2565,3026.7,2012
21,67,0,-8,-1747,-2061.46,2012
36,67,18,16,1305,1539.9,2012
37,67,98,163,9099,10736.82,2012
41,67,-4,19,654,771.72,2012
51,680,14,21,818,965.24,2012
8,69,-6,1,576,679.68,2012
12,69,4,-4,56,66.08,2012
36,69,-10,-30,-1342,-1583.56,2012
37,69,-194,-433,-15081,-17795.58,2012
42,69,13,25,1643,1938.74,2012
51,700,14,31,394,464.92,2012
6,71,10,31,462,545.16,2012
12,71,11,33,-10,-11.8,2012
22,71,-21,-49,492,580.56,2012
36,71,45,77,2204,2600.72,2012
37,71,-2,14,803,947.54,2012
42,71,8,12,848,1000.64,2012
51,710,-18,-25,-390,-460.2,2012
1,73,-2,7,610,719.8,2012
6,73,51,91,-6597,-7784.46,2012
12,73,34,48,1331,1570.58,2012
13,73,-3,-8,-838,-988.84,2012
51,740,0,2,-162,-191.16,2012
6,75,-26,-12,888,1047.84,2012
51,760,-19,-33,-277,-326.86,2012
6,77,10,33,572,674.96,2012
13,77,11,26,606,715.08,2012
26,77,15,32,794,936.92,2012
37,77,-105,-372,-5019,-5922.42,2012
42,77,16,47,1236,1458.48,2012
45,77,10,12,187,220.66,2012
51,770,4,8,-233,-274.94,2012
37,79,7,10,274,323.32,2012
42,79,14,35,541,638.38,2012
45,79,50,80,2131,2514.58,2012
55,79,3,-13,-1861,-2195.98,2012
51,800,2,10,366,431.88,2012
1,81,10,15,384,453.12,2012
6,81,-23,-45,-1736,-2048.48,2012
12,81,0,-17,-541,-638.38,2012
26,81,-4,22,329,388.22,2012
36,81,116,239,4246,5010.28,2012
37,81,69,-91,7651,9028.18,2012
51,810,1,-16,-614,-724.52,2012
6,83,-12,-27,-1189,-1403.02,2012
12,83,22,43,173,204.14,2012
37,83,27,14,468,552.24,2012
45,83,6,-16,94,110.92,2012
51,83,14,22,238,280.84,2012
6,85,-78,-58,-2389,-2819.02,2012
12,85,-11,-22,-1103,-1301.54,2012
36,85,19,47,-673,-794.14,2012
37,85,-44,-163,-3430,-4047.4,2012
45,85,13,23,282,332.76,2012
48,85,-42,-61,-3303,-3897.54,2012
51,85,0,6,403,475.54,2012
12,86,92,219,4742,5595.56,2012
36,87,43,68,2340,2761.2,2012
37,87,-5,-25,-931,-1098.58,2012
51,87,6,28,1802,2126.36,2012
1,89,-1,-11,-123,-145.14,2012
13,89,-11,52,1382,1630.76,2012
17,89,5,22,1174,1385.32,2012
18,89,11,20,199,234.82,2012
37,89,-3,-4,-1588,-1873.84,2012
42,89,15,35,582,686.76,2012
12,91,4,10,376,443.68,2012
20,91,18,54,2670,3150.6,2012
36,91,16,38,916,1080.88,2012
37,91,11,11,62,73.16,2012
42,91,55,100,5982,7058.76,2012
45,91,-14,-27,-875,-1032.5,2012
26,93,10,30,875,1032.5,2012
36,93,13,30,851,1004.18,2012
37,93,4,2,-9,-10.62,2012
39,93,19,27,753,888.54,2012
47,93,-1,-41,131,154.58,2012
6,95,15,31,900,1062,2012
12,95,1,7,-935,-1103.3,2012
29,95,7,7,683,805.94,2012
39,95,23,50,991,1169.38,2012
42,95,12,15,1704,2010.72,2012
51,95,-10,-17,-502,-592.36,2012
1,97,11,18,336,396.48,2012
12,97,7,24,108,127.44,2012
17,97,11,24,2146,2532.28,2012
18,97,9,-3,1788,2109.84,2012
37,97,10,5,-1328,-1567.04,2012
12,99,64,103,3395,4006.1,2012
26,99,11,22,190,224.2,2012
37,99,5,9,104,122.72,2012
6,1,7,52,2760,3201.6,2013
8,1,9,20,361,418.76,2013
9,1,56,109,8073,9364.68,2013
11,1,49,74,24933,28922.28,2013
12,1,15,5,1725,2001,2013
25,1,6,8,-58,-67.28,2013
34,1,11,22,542,628.72,2013
35,1,3,12,95,110.2,2013
36,1,9,23,1098,1273.68,2013
37,1,-198,-571,-10193,-11823.88,2013
9,3,37,92,10409,12074.44,2013
10,3,18,60,1149,1332.84,2013
15,3,23,56,1418,1644.88,2013
18,3,-12,-16,-751,-871.16,2013
24,3,39,97,3736,4333.76,2013
32,3,-9,-13,-587,-680.92,2013
34,3,41,118,4216,4890.56,2013
42,3,69,123,6354,7370.64,2013
44,3,16,38,1404,1628.64,2013
45,3,-23,-44,-1017,-1179.72,2013
51,3,0,3,-1154,-1338.64,2013
8,5,7,7,286,331.76,2013
10,5,11,20,719,834.04,2013
23,5,3,1,-670,-777.2,2013
24,5,54,111,3177,3685.32,2013
25,5,10,30,1137,1318.92,2013
33,5,10,23,848,983.68,2013
34,5,22,41,906,1050.96,2013
36,5,57,126,2478,2874.48,2013
41,5,-10,-29,-1021,-1184.36,2013
5,7,-13,-27,-999,-1158.84,2013
9,7,10,19,883,1024.28,2013
34,7,28,69,2321,2692.36,2013
36,7,52,100,2791,3237.56,2013
42,7,16,25,653,757.48,2013
44,7,30,50,4632,5373.12,2013
45,7,0,-1,-615,-713.4,2013
50,7,30,63,1970,2285.2,2013
9,9,56,105,5950,6902,2013
12,9,8,23,-30,-34.8,2013
24,9,12,22,587,680.92,2013
25,9,33,91,4111,4768.76,2013
37,9,1,-12,-323,-374.68,2013
12,101,15,59,1112,1289.92,2013
37,101,-485,-1341,-16814,-19504.24,2013
42,101,86,161,3152,3656.32,2013
12,103,27,45,-1948,-2259.68,2013
19,103,-10,-12,-505,-585.8,2013
22,103,-10,-32,-682,-791.12,2013
36,103,150,299,12369,14348.04,2013
37,103,11,13,394,457.04,2013
39,103,14,19,716,830.56,2013
12,105,1,5,439,509.24,2013
37,105,49,304,320,371.2,2013
37,107,34,59,1286,1491.76,2013
51,107,22,19,3058,3547.28,2013
12,109,1,-6,2073,2404.68,2013
31,109,16,35,667,773.72,2013
37,109,-8,-28,-1305,-1513.8,2013
40,109,8,18,891,1033.56,2013
9,11,11,33,952,1104.32,2013
12,11,128,241,9261,10742.76,2013
33,11,62,144,6291,7297.56,2013
37,11,3,4,220,255.2,2013
42,11,5,2,601,697.16,2013
53,11,-10,-16,-434,-503.44,2013
54,11,10,15,362,419.92,2013
6,111,8,19,9016,10458.56,2013
12,111,-2,-8,453,525.48,2013
21,111,-3,-1,-299,-346.84,2013
36,111,4,19,179,207.64,2013
37,111,12,24,581,673.96,2013
12,113,17,43,898,1041.68,2013
13,113,0,-11,21,24.36,2013
17,113,1,2,200,232,2013
37,113,-12,-23,-706,-818.96,2013
39,113,20,38,1135,1316.6,2013
48,113,-26,-34,672,779.52,2013
12,115,6,24,502,582.32,2013
12,117,38,65,1414,1640.24,2013
13,117,-4,-14,479,555.64,2013
37,117,5,18,-80,-92.8,2013
51,117,-4,-14,13,15.08,2013
5,119,3,-6,18,20.88,2013
12,119,1,-3,-537,-622.92,2013
36,119,111,234,12147,14090.52,2013
37,119,-288,-603,-7243,-8401.88,2013
13,121,-54,-98,-3369,-3908.04,2013
48,121,-23,-41,-2072,-2403.52,2013
51,121,32,51,1306,1514.96,2013
8,123,-11,-22,-558,-647.28,2013
27,123,7,16,1094,1269.04,2013
37,123,3,-4,704,816.64,2013
1,125,10,19,465,539.4,2013
26,125,30,73,1475,1711,2013
37,125,-10,-58,-1162,-1347.92,2013
42,125,10,14,725,841,2013
47,125,8,9,769,892.04,2013
12,127,-1,-5,-52,-60.32,2013
37,127,186,260,10067,11677.72,2013
37,129,24,-21,-6252,-7252.32,2013
42,129,13,23,211,244.76,2013
4,13,82,213,6150,7134,2013
6,13,-12,-31,-2347,-2722.52,2013
8,13,-12,-12,-66,-76.56,2013
24,13,13,25,1128,1308.48,2013
25,13,3,-13,190,220.4,2013
34,13,54,113,3311,3840.76,2013
36,13,12,18,444,515.04,2013
37,13,7,0,-119,-138.04,2013
45,13,1,3,-1132,-1313.12,2013
51,13,51,83,5685,6594.6,2013
37,131,27,34,1064,1234.24,2013
37,133,51,65,-604,-700.64,2013
39,133,11,29,600,696,2013
42,133,-2,5,-20,-23.2,2013
55,133,28,57,6610,7667.6,2013
13,135,-17,-17,686,795.76,2013
37,135,485,329,23536,27301.76,2013
37,137,-1,-8,-635,-736.6,2013
37,139,22,67,1097,1272.52,2013
18,141,10,17,488,566.08,2013
37,141,5,-20,8,9.28,2013
48,141,-1,1,548,635.68,2013
5,143,12,22,1051,1219.16,2013
40,143,8,4,-205,-237.8,2013
51,143,15,23,461,534.76,2013
37,145,-9,-42,1037,1202.92,2013
37,147,272,423,9871,11450.36,2013
47,149,13,25,672,779.52,2013
12,15,10,17,426,494.16,2013
25,15,13,16,588,682.08,2013
33,15,2,-8,-407,-472.12,2013
34,15,15,34,379,439.64,2013
37,15,19,28,531,615.96,2013
45,15,10,23,568,658.88,2013
13,151,-2,0,87,100.92,2013
37,151,37,81,-508,-589.28,2013
39,151,0,-9,417,483.72,2013
19,153,8,13,2592,3006.72,2013
37,153,15,31,749,868.84,2013
39,153,27,58,2542,2948.72,2013
51,153,50,118,4934,5723.44,2013
37,155,11,23,587,680.92,2013
37,157,11,14,451,523.16,2013
47,157,28,61,4930,5718.8,2013
48,157,-2,-7,-457,-530.12,2013
37,159,24,27,1209,1402.44,2013
20,161,13,23,654,758.64,2013
26,161,26,32,932,1081.12,2013
37,161,12,18,543,629.88,2013
51,161,1,-11,505,585.8,2013
19,163,5,16,414,480.24,2013
26,163,37,73,2378,2758.48,2013
37,163,-7,-81,34,39.44,2013
47,163,-2,-19,-383,-444.28,2013
37,165,6,9,171,198.36,2013
39,165,4,12,560,649.6,2013
37,167,1,-1,64,74.24,2013
19,169,12,25,839,973.24,2013
12,17,33,82,3284,3809.44,2013
24,17,6,7,228,264.48,2013
25,17,43,157,10505,12185.8,2013
34,17,25,71,1654,1918.64,2013
37,17,-9,-23,-537,-622.92,2013
39,17,3,13,269,312.04,2013
42,17,30,69,2725,3161,2013
37,171,-13,-51,-567,-657.72,2013
20,173,-11,-19,-811,-940.76,2013
39,173,11,20,640,742.4,2013
37,175,19,37,769,892.04,2013
51,177,11,24,597,692.52,2013
37,179,5,-35,-1722,-1997.52,2013
47,179,7,4,686,795.76,2013
51,179,3,7,589,683.24,2013
37,181,111,326,4544,5271.04,2013
29,183,19,58,2959,3432.44,2013
37,183,734,2228,36277,42081.32,2013
37,185,41,74,-630,-730.8,2013
37,187,16,30,628,728.48,2013
47,187,-12,-44,-1970,-2285.2,2013
29,189,31,81,4120,4779.2,2013
37,189,33,47,-25,-29,2013
4,19,27,33,456,528.96,2013
6,19,-25,-78,-1222,-1417.52,2013
12,19,3,8,848,983.68,2013
17,19,15,27,763,885.08,2013
23,19,10,17,455,527.8,2013
29,19,-11,-19,-343,-397.88,2013
34,19,14,33,1688,1958.08,2013
37,19,-32,-40,-5007,-5808.12,2013
42,19,-3,-4,561,650.76,2013
45,19,-64,-119,-4592,-5326.72,2013
51,19,12,24,660,765.6,2013
37,191,126,217,8643,10025.88,2013
37,193,5,-5,-737,-854.92,2013
37,195,66,104,5477,6353.32,2013
17,197,25,62,2224,2579.84,2013
37,197,10,20,486,563.76,2013
51,199,11,29,591,685.56,2013
2,20,3,10,101,117.16,2013
17,201,10,22,443,513.88,2013
48,201,-61,-149,-322,-373.52,2013
12,21,13,16,-20294,-23541.04,2013
24,21,7,19,1029,1193.64,2013
25,21,51,150,7350,8526,2013
34,21,30,74,3496,4055.36,2013
37,21,-126,-201,-5172,-5999.52,2013
42,21,11,28,542,628.72,2013
13,215,-26,-48,-697,-808.52,2013
25,23,11,40,2001,2321.16,2013
34,23,79,194,8557,9926.12,2013
37,23,18,31,902,1046.32,2013
13,245,13,19,529,613.64,2013
24,25,5,32,1373,1592.68,2013
25,25,45,77,4442,5152.72,2013
34,25,25,46,3882,4503.12,2013
37,25,-12,-44,-2204,-2556.64,2013
55,25,37,55,1629,1889.64,2013
24,27,30,79,3723,4318.68,2013
25,27,36,118,4890,5672.4,2013
34,27,59,100,7155,8299.8,2013
36,27,53,104,3433,3982.28,2013
37,27,8,12,188,218.08,2013
40,27,-11,-18,-361,-418.76,2013
48,27,-7,-10,-38,-44.08,2013
34,29,34,78,2535,2940.6,2013
36,29,38,44,2637,3058.92,2013
42,29,18,51,4723,5478.68,2013
48,29,15,32,6712,7785.92,2013
8,31,-28,-30,-1629,-1889.64,2013
12,31,-7,-27,-5688,-6598.08,2013
17,31,75,162,9939,11529.24,2013
23,31,10,21,1078,1250.48,2013
24,31,76,152,9883,11464.28,2013
32,31,5,13,74,85.84,2013
34,31,14,30,1046,1213.36,2013
37,31,-20,-66,-6791,-7877.56,2013
45,31,11,17,401,465.16,2013
12,33,14,20,-10,-11.6,2013
22,33,-39,-197,-1660,-1925.6,2013
24,33,-16,-7,-139,-161.24,2013
37,33,-11,-42,-435,-504.6,2013
45,33,-10,-28,-231,-267.96,2013
53,33,-75,-131,6614,7672.24,2013
48,339,-14,-36,-1115,-1293.4,2013
8,35,-6,-8,-938,-1088.08,2013
12,35,-5,-7,-206,-238.96,2013
34,35,21,41,1648,1911.68,2013
37,35,62,101,3441,3991.56,2013
39,35,44,73,960,1113.6,2013
45,35,-4,8,-271,-314.36,2013
49,35,0,1,77,89.32,2013
6,37,34,137,52288,60654.08,2013
24,37,15,29,844,979.04,2013
27,37,15,35,867,1005.72,2013
34,37,17,27,1076,1248.16,2013
37,37,-213,-649,-49016,-56858.56,2013
47,37,-34,-74,-4416,-5122.56,2013
34,39,61,135,3934,4563.44,2013
48,39,-13,-23,-693,-803.88,2013
54,39,12,17,962,1115.92,2013
8,41,-6,-6,-1530,-1774.8,2013
37,41,10,18,728,844.48,2013
39,41,-1,-8,-79,-91.64,2013
42,41,6,-1,347,402.52,2013
45,41,5,12,409,474.44,2013
51,41,7,-13,-85,-98.6,2013
48,423,11,19,365,423.4,2013
17,43,35,80,3541,4107.56,2013
42,43,-7,-14,83,96.28,2013
45,43,-1,-7,-646,-749.36,2013
48,439,-8,-36,158,183.28,2013
24,45,19,35,804,932.64,2013
36,45,8,23,286,331.76,2013
37,45,-4,-4,-282,-327.12,2013
42,45,18,47,2528,2932.48,2013
45,45,-14,-46,-4596,-5331.36,2013
48,453,-93,-86,-8278,-9602.48,2013
28,47,-12,-27,-285,-330.6,2013
36,47,84,191,5955,6907.8,2013
37,47,-5,0,158,183.28,2013
26,49,15,30,975,1131,2013
37,49,99,166,3695,4286.2,2013
39,49,2,-17,686,795.76,2013
42,49,10,21,570,661.2,2013
49,49,15,50,433,502.28,2013
48,491,18,58,2859,3316.44,2013
13,51,30,52,1253,1453.48,2013
22,51,-24,-53,-825,-957,2013
37,51,261,460,12707,14740.12,2013
41,51,-5,-13,-395,-458.2,2013
45,51,-15,-35,-3668,-4254.88,2013
24,510,-9,16,923,1070.68,2013
29,510,-13,-18,-622,-721.52,2013
51,510,4,34,2576,2988.16,2013
12,53,-11,-24,-306,-354.96,2013
27,53,43,98,3852,4468.32,2013
53,53,-3,1,-132,-153.12,2013
51,540,21,25,1041,1207.56,2013
12,55,10,20,429,497.64,2013
31,55,14,19,657,762.12,2013
36,55,80,141,5299,6146.84,2013
37,55,28,40,1484,1721.44,2013
45,55,-10,-19,-782,-907.12,2013
51,550,14,34,1178,1366.48,2013
12,57,42,100,2205,2557.8,2013
13,57,-5,-13,-307,-356.12,2013
18,57,-11,-34,-793,-919.88,2013
37,57,17,7,595,690.2,2013
39,57,16,30,676,784.16,2013
45,57,-14,-26,-1121,-1300.36,2013
6,59,29,68,2223,2578.68,2013
8,59,-25,-43,-3073,-3564.68,2013
13,59,6,19,-427,-495.32,2013
36,59,103,225,8385,9726.6,2013
37,59,8,10,302,350.32,2013
51,59,108,163,13800,16008,2013
51,590,32,55,1123,1302.68,2013
51,600,10,17,1022,1185.52,2013
6,61,0,-1,-272,-315.52,2013
12,61,-13,-26,-859,-996.44,2013
36,61,-23,27,7171,8318.36,2013
37,61,111,361,2501,2901.16,2013
39,61,10,21,1759,2040.44,2013
51,61,16,24,1164,1350.24,2013
53,61,3,24,707,820.12,2013
54,61,17,49,1468,1702.88,2013
13,63,-1,8,-263,-305.08,2013
36,63,19,28,611,708.76,2013
37,63,-241,330,17761,20602.76,2013
45,63,4,27,839,973.24,2013
53,63,-20,-46,-1038,-1204.08,2013
6,65,15,17,693,803.88,2013
26,65,2,6,323,374.68,2013
36,65,21,38,1100,1276,2013
37,65,37,80,908,1053.28,2013
47,65,7,9,401,465.16,2013
51,650,9,31,357,414.12,2013
6,67,-3,5,223,258.68,2013
13,67,2,4,4743,5501.88,2013
21,67,38,65,2934,3403.44,2013
36,67,61,109,2792,3238.72,2013
37,67,115,208,6720,7795.2,2013
41,67,2,3,-411,-476.76,2013
51,680,11,14,330,382.8,2013
8,69,23,43,1878,2178.48,2013
12,69,8,14,430,498.8,2013
36,69,12,26,1169,1356.04,2013
37,69,-221,-704,-9755,-11315.8,2013
42,69,16,27,767,889.72,2013
51,700,28,36,1657,1922.12,2013
6,71,5,-4,188,218.08,2013
12,71,5,19,-242,-280.72,2013
22,71,-2,2,74,85.84,2013
36,71,47,93,2450,2842,2013
37,71,-5,-17,-1426,-1654.16,2013
42,71,-2,-6,-341,-395.56,2013
51,710,18,44,-435,-504.6,2013
1,73,26,36,1584,1837.44,2013
6,73,-2,2,3264,3786.24,2013
12,73,18,38,1191,1381.56,2013
13,73,1,3,225,261,2013
51,740,17,43,807,936.12,2013
6,75,-41,-21,4,4.64,2013
36,75,10,22,573,664.68,2013
51,760,-20,-33,878,1018.48,2013
26,77,23,51,2371,2750.36,2013
29,77,10,25,684,793.44,2013
36,77,12,27,556,644.96,2013
37,77,-50,-151,-3026,-3510.16,2013
42,77,27,66,1906,2210.96,2013
45,77,8,9,-337,-390.92,2013
51,770,10,19,920,1067.2,2013
37,79,-3,8,-20,-23.2,2013
42,79,18,28,664,770.24,2013
45,79,17,22,-1232,-1429.12,2013
55,79,27,48,1865,2163.4,2013
51,800,3,12,236,273.76,2013
1,81,-21,-38,-957,-1110.12,2013
6,81,-19,-37,-518,-600.88,2013
12,81,0,-8,-192,-222.72,2013
26,81,8,-11,-257,-298.12,2013
36,81,96,196,5571,6462.36,2013
37,81,135,135,7933,9202.28,2013
51,810,38,83,2288,2654.08,2013
6,83,16,38,2627,3047.32,2013
12,83,3,3,37,42.92,2013
36,83,12,17,527,611.32,2013
37,83,42,81,1085,1258.6,2013
45,83,-5,-20,231,267.96,2013
51,83,39,71,2186,2535.76,2013
6,85,-9,43,5991,6949.56,2013
12,85,15,30,884,1025.44,2013
36,85,29,61,1531,1775.96,2013
37,85,8,-78,461,534.76,2013
39,85,17,34,720,835.2,2013
45,85,10,16,230,266.8,2013
48,85,-28,-64,-2517,-2919.72,2013
12,86,107,113,3422,3969.52,2013
36,87,18,52,1450,1682,2013
37,87,3,-2,-677,-785.32,2013
51,87,-26,-41,-140,-162.4,2013
1,89,-7,-12,-165,-191.4,2013
13,89,0,-27,-293,-339.88,2013
17,89,10,18,833,966.28,2013
18,89,14,25,385,446.6,2013
37,89,-10,-33,-1543,-1789.88,2013
12,91,12,31,327,379.32,2013
20,91,25,50,2814,3264.24,2013
36,91,21,54,1539,1785.24,2013
37,91,25,40,1798,2085.68,2013
42,91,14,41,1127,1307.32,2013
45,91,-8,-39,-1610,-1867.6,2013
36,93,12,16,596,691.36,2013
37,93,14,24,1067,1237.72,2013
39,93,13,26,1067,1237.72,2013
47,93,16,53,-6678,-7746.48,2013
6,95,-13,-23,-344,-399.04,2013
12,95,35,84,678,786.48,2013
29,95,7,26,999,1158.84,2013
39,95,24,43,1461,1694.76,2013
42,95,21,47,1952,2264.32,2013
51,95,-13,-40,-460,-533.6,2013
1,97,4,8,306,354.96,2013
6,97,-11,-29,-494,-573.04,2013
12,97,4,14,482,559.12,2013
13,97,-12,-27,-318,-368.88,2013
17,97,14,18,3276,3800.16,2013
18,97,10,29,1056,1224.96,2013
37,97,4,-19,-1669,-1936.04,2013
12,99,70,166,4023,4666.68,2013
26,99,15,27,574,665.84,2013
37,99,4,0,-306,-354.96,2013
39,99,16,33,680,788.8,2013
6,1,-2,42,1627,1854.78,2014
9,1,115,262,15051,17158.14,2014
11,1,16,32,6445,7347.3,2014
12,1,37,69,2577,2937.78,2014
35,1,1,9,-653,-744.42,2014
36,1,36,67,2382,2715.48,2014
37,1,-235,-577,-10634,-12122.76,2014
9,3,58,135,5139,5858.46,2014
10,3,28,77,4300,4902,2014
15,3,3,-5,98,111.72,2014
24,3,36,79,3512,4003.68,2014
32,3,4,3,113,128.82,2014
34,3,45,99,3763,4289.82,2014
42,3,27,52,-2378,-2710.92,2014
51,3,24,41,2473,2819.22,2014
8,5,5,15,547,623.58,2014
9,5,21,50,1033,1177.62,2014
24,5,1,14,1818,2072.52,2014
34,5,37,87,1703,1941.42,2014
36,5,48,120,2449,2791.86,2014
34,7,25,52,1516,1728.24,2014
36,7,30,45,1267,1444.38,2014
44,7,44,78,2941,3352.74,2014
50,7,27,63,2012,2293.68,2014
9,9,71,150,5039,5744.46,2014
12,9,-7,-18,-710,-809.4,2014
25,9,41,107,4542,5177.88,2014
12,101,-3,4,1300,1482,2014
37,101,-629,-1571,-30576,-34856.64,2014
42,101,2,26,1994,2273.16,2014
12,103,52,98,3699,4216.86,2014
36,103,173,398,10073,11483.22,2014
12,105,-1,-31,111,126.54,2014
37,105,111,464,2440,2781.6,2014
37,107,10,7,-250,-285,2014
51,107,55,128,5721,6521.94,2014
12,109,2,4,-2223,-2534.22,2014
37,109,20,34,1011,1152.54,2014
9,11,30,69,2305,2627.7,2014
12,11,65,101,333,379.62,2014
33,11,23,67,3580,4081.2,2014
42,11,25,52,1685,1920.9,2014
6,111,21,58,2772,3160.08,2014
21,111,7,22,315,359.1,2014
36,111,28,49,1525,1738.5,2014
39,113,26,38,1182,1347.48,2014
48,113,-58,-112,-6266,-7143.24,2014
12,115,-1,-2,-3988,-4546.32,2014
12,117,22,50,2441,2782.74,2014
37,117,31,55,999,1138.86,2014
51,117,0,-5,-859,-979.26,2014
36,119,97,189,6252,7127.28,2014
37,119,-228,-310,-1271,-1448.94,2014
13,121,-141,-121,-11364,-12954.96,2014
48,121,2,-6,-621,-707.94,2014
51,121,38,66,2395,2730.3,2014
26,125,53,132,4602,5246.28,2014
37,125,35,31,-1472,-1678.08,2014
12,127,-1,-9,-816,-930.24,2014
37,127,104,146,5823,6638.22,2014
37,129,22,-23,-6992,-7970.88,2014
4,13,18,69,4510,5141.4,2014
6,13,-20,-18,166,189.24,2014
8,13,-5,-6,-312,-355.68,2014
34,13,91,222,7013,7994.82,2014
37,13,12,5,285,324.9,2014
45,13,-7,-12,-3394,-3869.16,2014
51,13,36,42,4932,5622.48,2014
37,131,29,52,1973,2249.22,2014
37,133,76,159,2683,3058.62,2014
13,135,-28,-70,-1682,-1917.48,2014
37,135,753,1119,54979,62676.06,2014
37,139,15,20,193,220.02,2014
37,141,-16,-60,-2863,-3263.82,2014
48,141,20,45,627,714.78,2014
37,145,-53,-161,-3243,-3697.02,2014
37,147,300,521,12939,14750.46,2014
37,15,4,2,320,364.8,2014
45,15,-4,-3,-148,-168.72,2014
37,151,39,20,3464,3948.96,2014
19,153,22,37,1580,1801.2,2014
37,153,22,48,738,841.32,2014
39,153,38,78,2605,2969.7,2014
51,153,39,83,4211,4800.54,2014
37,155,44,87,2147,2447.58,2014
37,157,22,32,779,888.06,2014
47,157,5,31,982,1119.48,2014
48,157,-26,-77,-2297,-2618.58,2014
37,159,3,2,281,320.34,2014
26,161,49,69,2693,3070.02,2014
51,161,30,71,3669,4182.66,2014
26,163,19,52,1971,2246.94,2014
37,163,45,62,2295,2616.3,2014
37,165,27,46,1208,1377.12,2014
25,17,81,209,12101,13795.14,2014
34,17,85,169,5387,6141.18,2014
37,17,0,2,298,339.72,2014
42,17,5,7,1216,1386.24,2014
37,171,28,41,1062,1210.68,2014
37,179,-11,-28,32,36.48,2014
47,179,24,42,1032,1176.48,2014
51,179,20,43,1024,1167.36,2014
37,181,15,-69,1347,1535.58,2014
37,183,1029,2255,55076,62786.64,2014
37,185,-5,3,545,621.3,2014
47,187,21,52,1574,1794.36,2014
29,189,12,27,1073,1223.22,2014
37,189,30,42,1321,1505.94,2014
4,19,5,8,608,693.12,2014
17,19,20,38,935,1065.9,2014
34,19,29,62,3143,3583.02,2014
37,19,-74,-153,-5722,-6523.08,2014
45,19,-61,-97,-4659,-5311.26,2014
37,191,117,220,4536,5171.04,2014
37,195,8,5,3538,4033.32,2014
17,197,30,65,2192,2498.88,2014
48,201,-88,-193,-4551,-5188.14,2014
12,21,-16,-60,-5962,-6796.68,2014
24,21,9,33,1616,1842.24,2014
25,21,44,115,7569,8628.66,2014
34,21,32,68,2871,3272.94,2014
37,21,-51,-84,-4667,-5320.38,2014
25,23,26,43,2523,2876.22,2014
34,23,53,167,5119,5835.66,2014
37,23,-1,-14,-516,-588.24,2014
25,25,34,67,3640,4149.6,2014
34,25,47,88,3466,3951.24,2014
37,25,-5,-20,2,2.28,2014
55,25,4,7,701,799.14,2014
24,27,13,38,3135,3573.9,2014
25,27,48,123,7983,9100.62,2014
34,27,48,109,5421,6179.94,2014
36,27,42,85,2804,3196.56,2014
37,27,-20,-42,-1109,-1264.26,2014
34,29,31,62,1736,1979.04,2014
36,29,44,57,1448,1650.72,2014
42,29,19,39,2106,2400.84,2014
48,29,-12,-28,-298,-339.72,2014
8,31,-31,-41,-2809,-3202.26,2014
12,31,-7,-14,1261,1437.54,2014
17,31,94,227,8199,9346.86,2014
24,31,49,122,10438,11899.32,2014
34,31,35,72,2175,2479.5,2014
37,31,-19,-46,-4062,-4630.68,2014
24,33,20,54,2144,2444.16,2014
37,33,25,47,1020,1162.8,2014
53,33,-83,-62,-5817,-6631.38,2014
34,35,48,127,8386,9560.04,2014
37,35,24,14,309,352.26,2014
39,35,52,99,2986,3404.04,2014
45,35,-26,-57,-1470,-1675.8,2014
49,35,-2,27,510,581.4,2014
6,37,35,140,6384,7277.76,2014
37,37,-547,-1283,-64602,-73646.28,2014
47,37,-44,-60,-5109,-5824.26,2014
34,39,23,85,3909,4456.26,2014
54,39,23,44,1514,1725.96,2014
8,41,-7,27,178,202.92,2014
45,41,14,22,506,576.84,2014
51,41,21,33,1361,1551.54,2014
17,43,25,77,4742,5405.88,2014
48,439,-35,-59,-552,-629.28,2014
37,45,24,39,925,1054.5,2014
42,45,-25,-49,-1396,-1591.44,2014
45,45,6,35,614,699.96,2014
48,453,-376,-918,-10272,-11710.08,2014
36,47,120,272,7980,9097.2,2014
37,47,38,65,1572,1792.08,2014
37,49,57,103,1811,2064.54,2014
39,49,8,-11,2115,2411.1,2014
42,49,36,62,1239,1412.46,2014
49,49,27,95,1550,1767,2014
48,491,34,93,3127,3564.78,2014
13,51,7,35,804,916.56,2014
37,51,257,453,13865,15806.1,2014
41,51,-4,-3,-416,-474.24,2014
45,51,-78,-151,-5243,-5977.02,2014
24,510,33,55,4057,4624.98,2014
51,510,3,18,1573,1793.22,2014
27,53,46,68,7531,8585.34,2014
53,53,26,64,1505,1715.7,2014
36,55,90,161,5771,6578.94,2014
37,55,-6,-15,-1607,-1831.98,2014
51,550,6,15,89,101.46,2014
12,57,28,28,-74,-84.36,2014
13,57,-21,-39,-1061,-1209.54,2014
18,57,5,15,1532,1746.48,2014
37,57,3,-2,227,258.78,2014
45,57,-20,-42,-1747,-1991.58,2014
6,59,50,152,6906,7872.84,2014
8,59,-2,-3,234,266.76,2014
36,59,126,254,10539,12014.46,2014
51,59,66,137,14415,16433.1,2014
36,61,-31,25,10185,11610.9,2014
37,61,-10,-59,567,646.38,2014
39,61,18,22,491,559.74,2014
37,63,-292,349,4798,5469.72,2014
45,63,-5,-7,38,43.32,2014
6,65,9,29,1237,1410.18,2014
36,65,24,53,1663,1895.82,2014
37,65,14,13,736,839.04,2014
47,65,-20,-37,-1340,-1527.6,2014
51,650,27,48,472,538.08,2014
6,67,-3,-5,86,98.04,2014
13,67,-35,-27,284,323.76,2014
21,67,4,9,53,60.42,2014
36,67,63,112,3551,4048.14,2014
37,67,121,108,6448,7350.72,2014
41,67,-4,-9,274,312.36,2014
51,680,29,53,1288,1468.32,2014
12,69,-25,-48,-1393,-1588.02,2014
37,69,-146,-386,-6303,-7185.42,2014
42,69,21,48,1767,2014.38,2014
51,700,2,11,311,354.54,2014
12,71,8,3,-175,-199.5,2014
36,71,53,101,2535,2889.9,2014
37,71,-4,-31,-270,-307.8,2014
42,71,31,66,2244,2558.16,2014
51,710,-2,3,-217,-247.38,2014
1,73,18,39,704,802.56,2014
6,73,-21,-21,-1567,-1786.38,2014
12,73,25,55,1623,1850.22,2014
6,75,-38,-33,-1458,-1662.12,2014
51,760,-23,-31,103,117.42,2014
37,77,-115,-322,-10129,-11547.06,2014
51,770,64,90,3428,3907.92,2014
45,79,10,11,1582,1803.48,2014
55,79,23,54,2271,2588.94,2014
51,800,20,33,1159,1321.26,2014
6,81,26,50,4322,4927.08,2014
12,81,-9,3,-580,-661.2,2014
26,81,6,12,115,131.1,2014
36,81,179,378,12614,14379.96,2014
37,81,175,170,21120,24076.8,2014
51,810,65,95,3689,4205.46,2014
12,83,20,38,946,1078.44,2014
37,83,61,123,2427,2766.78,2014
45,83,20,10,-226,-257.64,2014
51,83,-3,-7,-19,-21.66,2014
6,85,-28,5,-237,-270.18,2014
36,85,20,42,1670,1903.8,2014
37,85,-58,-116,-3053,-3480.42,2014
48,85,-11,-42,-1704,-1942.56,2014
12,86,32,79,1397,1592.58,2014
36,87,27,55,2025,2308.5,2014
37,87,-24,-35,-1249,-1423.86,2014
51,87,10,9,857,976.98,2014
1,89,20,42,1460,1664.4,2014
13,89,-57,-126,-1620,-1846.8,2014
17,89,21,51,1699,1936.86,2014
37,89,-13,-21,-726,-827.64,2014
12,91,20,49,952,1085.28,2014
20,91,9,18,923,1052.22,2014
36,91,27,54,1417,1615.38,2014
37,91,29,50,814,927.96,2014
42,91,4,31,416,474.24,2014
45,91,1,7,1049,1195.86,2014
37,93,14,46,700,798,2014
47,93,2,-3,448,510.72,2014
12,95,20,58,-968,-1103.52,2014
42,95,20,47,2305,2627.7,2014
51,95,24,46,1969,2244.66,2014
12,97,2,24,548,624.72,2014
17,97,16,58,2931,3341.34,2014
18,97,33,83,2882,3285.48,2014
37,97,37,56,1666,1899.24,2014
12,99,20,69,500,570,2014
26,99,21,48,1273,1451.22,2014
6,1,-7,3,2261,2577.54,2015
9,1,40,74,5323,6068.22,2015
11,1,-7,16,2839,3236.46,2015
36,1,23,38,1893,2158.02,2015
37,1,-188,-491,-7661,-8733.54,2015
9,3,11,35,1796,2047.44,2015
10,3,5,2,268,305.52,2015
15,3,-10,-11,-320,-364.8,2015
24,3,4,9,393,448.02,2015
32,3,-30,-42,-1397,-1592.58,2015
34,3,46,99,1488,1696.32,2015
42,3,50,70,98,111.72,2015
8,5,-24,-42,-1968,-2243.52,2015
24,5,19,47,1775,2023.5,2015
34,5,27,50,1554,1771.56,2015
36,5,60,108,2539,2894.46,2015
34,7,20,44,1729,1971.06,2015
36,7,28,37,1328,1513.92,2015
44,7,20,35,1282,1461.48,2015
50,7,23,34,1746,1990.44,2015
9,9,42,72,2976,3392.64,2015
12,9,1,-12,220,250.8,2015
25,9,36,84,4058,4626.12,2015
37,101,-564,-1466,-38169,-43512.66,2015
42,101,11,19,1500,1710,2015
12,103,-6,9,-2946,-3358.44,2015
36,103,122,232,6481,7388.34,2015
12,105,-2,2,-128,-145.92,2015
37,105,64,169,1269,1446.66,2015
37,107,52,85,2206,2514.84,2015
51,107,33,71,2075,2365.5,2015
12,11,23,66,-725,-826.5,2015
33,11,21,50,7210,8219.4,2015
21,111,22,36,1490,1698.6,2015
39,113,27,48,1430,1630.2,2015
48,113,-10,3,2410,2747.4,2015
12,117,15,23,-3,-3.42,2015
51,117,22,37,2834,3230.76,2015
36,119,59,115,6376,7268.64,2015
37,119,-223,-410,-12736,-14519.04,2015
13,121,-69,-118,-2906,-3312.84,2015
51,121,28,39,1382,1575.48,2015
26,125,16,31,651,742.14,2015
37,125,36,18,-843,-961.02,2015
12,127,13,30,461,525.54,2015
37,127,131,304,5089,5801.46,2015
37,129,2,-30,-36453,-41556.42,2015
4,13,28,63,3040,3465.6,2015
6,13,1,-8,-1384,-1577.76,2015
8,13,-22,-29,-1090,-1242.6,2015
34,13,35,71,1372,1564.08,2015
37,13,19,36,557,634.98,2015
45,13,11,14,986,1124.04,2015
51,13,10,31,1517,1729.38,2015
37,131,29,41,838,955.32,2015
37,133,52,107,2276,2594.64,2015
13,135,-43,-81,-1725,-1966.5,2015
37,135,217,80,5983,6820.62,2015
37,139,29,56,1094,1247.16,2015
37,141,-10,-43,-1824,-2079.36,2015
37,145,-67,-159,-3425,-3904.5,2015
37,147,206,264,8128,9265.92,2015
45,15,-29,-61,-3569,-4068.66,2015
37,151,6,-2,1514,1725.96,2015
37,153,21,35,640,729.6,2015
39,153,28,59,2174,2478.36,2015
51,153,18,39,2157,2458.98,2015
37,155,9,-5,12,13.68,2015
37,157,21,30,1039,1184.46,2015
47,157,25,47,2230,2542.2,2015
37,159,17,23,378,430.92,2015
51,161,28,51,2272,2590.08,2015
26,163,28,39,1090,1242.6,2015
37,163,83,174,2322,2647.08,2015
37,165,20,38,1010,1151.4,2015
37,167,20,31,824,939.36,2015
25,17,28,65,3093,3526.02,2015
34,17,38,87,3186,3632.04,2015
42,17,23,39,1848,2106.72,2015
37,179,27,28,-84,-95.76,2015
37,181,60,107,4041,4606.74,2015
37,183,791,1931,89042,101507.88,2015
37,185,43,89,973,1109.22,2015
29,189,28,50,2654,3025.56,2015
37,189,34,40,-1771,-2018.94,2015
4,19,-20,-28,-952,-1085.28,2015
37,19,-2,-21,-10767,-12274.38,2015
45,19,-2,23,-4039,-4604.46,2015
37,191,70,136,5519,6291.66,2015
37,195,59,93,5289,6029.46,2015
48,201,-21,-51,1353,1542.42,2015
24,21,20,26,1560,1778.4,2015
25,21,30,71,2881,3284.34,2015
34,21,26,54,2150,2451,2015
37,21,12,-1,-3401,-3877.14,2015
34,23,50,123,4217,4807.38,2015
25,25,-23,-14,-728,-829.92,2015
34,25,27,51,2454,2797.56,2015
37,25,17,5,331,377.34,2015
55,25,23,39,1134,1292.76,2015
24,27,29,69,2137,2436.18,2015
25,27,31,82,3453,3936.42,2015
34,27,40,91,6995,7974.3,2015
36,27,31,51,1666,1899.24,2015
34,29,27,53,2184,2489.76,2015
36,29,-6,-26,51,58.14,2015
42,29,7,25,762,868.68,2015
48,29,-3,3,529,603.06,2015
8,31,-37,-47,-2668,-3041.52,2015
12,31,4,18,771,878.94,2015
17,31,74,168,6882,7845.48,2015
24,31,2,49,3771,4298.94,2015
34,31,35,71,1806,2058.84,2015
37,31,-78,-138,-8189,-9335.46,2015
24,33,19,41,564,642.96,2015
37,33,28,63,2489,2837.46,2015
53,33,-38,-73,-6227,-7098.78,2015
34,35,45,94,3725,4246.5,2015
37,35,13,11,690,786.6,2015
39,35,19,40,1013,1154.82,2015
49,35,5,19,265,302.1,2015
6,37,15,65,1464,1668.96,2015
37,37,-257,-722,-56198,-64065.72,2015
47,37,-46,-73,-3330,-3796.2,2015
34,39,30,56,2564,2922.96,2015
54,39,23,37,1700,1938,2015
8,41,-1,4,-54,-61.56,2015
51,41,-7,-20,-215,-245.1,2015
17,43,6,15,136,155.04,2015
48,439,-21,-46,63,71.82,2015
45,45,-13,-39,-1777,-2025.78,2015
48,453,65,131,-253,-288.42,2015
36,47,16,108,1977,2253.78,2015
37,47,-22,-41,-721,-821.94,2015
37,49,41,63,1958,2232.12,2015
39,49,-24,-37,666,759.24,2015
48,491,26,56,2350,2679,2015
13,51,8,25,-156,-177.84,2015
37,51,240,391,13059,14887.26,2015
45,51,-11,-19,-5511,-6282.54,2015
24,510,-1,16,856,975.84,2015
51,510,8,20,719,819.66,2015
27,53,12,31,2056,2343.84,2015
36,55,21,36,1354,1543.56,2015
37,55,33,50,1175,1339.5,2015
51,550,9,17,340,387.6,2015
12,57,4,25,-220,-250.8,2015
37,57,18,20,1347,1535.58,2015
6,59,17,40,2076,2366.64,2015
36,59,89,176,5611,6396.54,2015
51,59,86,145,11274,12852.36,2015
36,61,-60,-5,3214,3663.96,2015
37,61,30,55,1229,1401.06,2015
39,61,25,39,1503,1713.42,2015
13,63,-33,-86,-791,-901.74,2015
37,63,74,1056,21905,24971.7,2015
45,63,23,37,1011,1152.54,2015
6,65,-1,-2,681,776.34,2015
37,65,29,61,686,782.04,2015
13,67,-56,-91,-1621,-1847.94,2015
36,67,36,65,2504,2854.56,2015
37,67,85,123,9351,10660.14,2015
51,680,23,45,905,1031.7,2015
37,69,-114,-396,-8884,-10127.76,2015
42,69,20,45,1426,1625.64,2015
51,700,-4,-8,125,142.5,2015
12,71,1,13,46,52.44,2015
37,71,9,27,58,66.12,2015
51,710,4,7,298,339.72,2015
1,73,20,33,1304,1486.56,2015
6,73,32,78,4906,5592.84,2015
6,75,-53,-55,-2333,-2659.62,2015
51,760,1,6,626,713.64,2015
37,77,-80,-324,-10254,-11689.56,2015
51,770,25,37,1590,1812.6,2015
45,79,-15,-30,-657,-748.98,2015
55,79,28,48,1678,1912.92,2015
6,81,-28,-46,-4489,-5117.46,2015
12,81,-22,-29,-1592,-1814.88,2015
26,81,25,50,1631,1859.34,2015
36,81,60,168,3428,3907.92,2015
37,81,144,170,10830,12346.2,2015
51,810,26,36,1529,1743.06,2015
12,83,19,38,1271,1448.94,2015
37,83,33,53,1569,1788.66,2015
45,83,21,38,999,1138.86,2015
51,83,-20,-45,-600,-684,2015
6,85,-41,-37,-3974,-4530.36,2015
37,85,-94,-198,-2444,-2786.16,2015
48,85,-5,-27,-7,-7.98,2015
12,86,36,75,431,491.34,2015
36,87,30,49,2059,2347.26,2015
37,87,-20,-33,-1078,-1228.92,2015
51,87,0,1,-977,-1113.78,2015
13,89,-3,12,628,715.92,2015
37,89,-2,3,-42,-47.88,2015
20,91,22,45,1937,2208.18,2015
36,91,25,36,1211,1380.54,2015
42,91,11,24,1566,1785.24,2015
45,91,24,44,1243,1417.02,2015
37,93,25,38,988,1126.32,2015
47,93,6,10,200,228,2015
12,95,-11,-21,-899,-1024.86,2015
18,97,17,20,1865,2126.1,2015
37,97,45,47,1212,1381.68,2015
12,99,6,8,-764,-870.96,2015
6,1,34,71,3667,4143.71,2016
9,1,111,235,11026,12459.38,2016
11,1,50,95,10528,11896.64,2016
12,1,44,93,3148,3557.24,2016
25,1,21,37,1570,1774.1,2016
35,1,21,48,2232,2522.16,2016
36,1,34,61,2876,3249.88,2016
37,1,-416,-971,-22780,-25741.4,2016
9,3,94,228,11772,13302.36,2016
10,3,41,97,4993,5642.09,2016
15,3,-1,1,666,752.58,2016
24,3,54,94,5723,6466.99,2016
32,3,38,78,3409,3852.17,2016
34,3,67,157,5352,6047.76,2016
42,3,112,199,9731,10996.03,2016
51,3,-1,-7,-367,-414.71,2016
8,5,-1,35,-258,-291.54,2016
23,5,32,66,1968,2223.84,2016
24,5,53,118,5234,5914.42,2016
25,5,24,49,1637,1849.81,2016
34,5,41,102,3001,3391.13,2016
36,5,97,212,3616,4086.08,2016
34,7,28,53,1590,1796.7,2016
36,7,45,79,2680,3028.4,2016
44,7,51,109,3766,4255.58,2016
50,7,26,53,1819,2055.47,2016
9,9,95,184,4597,5194.61,2016
12,9,-10,-16,-708,-800.04,2016
25,9,25,50,930,1050.9,2016
37,9,-25,-49,-1308,-1478.04,2016
12,101,6,12,18,20.34,2016
37,101,-1074,-2635,-61546,-69546.98,2016
42,101,38,98,1841,2080.33,2016
12,103,-47,-89,-5095,-5757.35,2016
36,103,313,654,22781,25742.53,2016
12,105,-11,-21,-565,-638.45,2016
37,105,112,632,-1260,-1423.8,2016
37,107,44,76,2816,3182.08,2016
51,107,32,98,4103,4636.39,2016
12,109,-1,-21,-1387,-1567.31,2016
9,11,24,41,1251,1413.63,2016
12,11,97,213,9389,10609.57,2016
33,11,32,92,3955,4469.15,2016
6,111,26,69,2568,2901.84,2016
12,111,25,37,613,692.69,2016
21,111,-7,-8,974,1100.62,2016
36,111,22,37,842,951.46,2016
39,113,13,26,2185,2469.05,2016
48,113,-21,-40,295,333.35,2016
12,115,12,30,464,524.32,2016
12,117,16,15,-705,-796.65,2016
13,117,0,10,-189,-213.57,2016
37,117,20,31,915,1033.95,2016
51,117,23,39,1682,1900.66,2016
5,119,21,48,1334,1507.42,2016
12,119,-22,-39,-1853,-2093.89,2016
36,119,100,245,9751,11018.63,2016
37,119,-325,-432,-9936,-11227.68,2016
13,121,-63,-59,-5094,-5756.22,2016
48,121,0,-34,-355,-401.15,2016
51,121,21,41,2170,2452.1,2016
27,123,1,9,921,1040.73,2016
26,125,18,38,3772,4262.36,2016
37,125,74,83,1450,1638.5,2016
12,127,-16,-35,-1874,-2117.62,2016
37,127,81,27,5786,6538.18,2016
37,129,77,19,-13211,-14928.43,2016
42,129,23,35,1455,1644.15,2016
4,13,57,126,3096,3498.48,2016
6,13,8,24,2291,2588.83,2016
8,13,-1,3,-209,-236.17,2016
25,13,26,56,1112,1256.56,2016
34,13,97,217,5723,6466.99,2016
37,13,8,19,-1125,-1271.25,2016
45,13,11,12,-726,-820.38,2016
51,13,36,75,8691,9820.83,2016
37,131,32,57,1091,1232.83,2016
37,133,69,170,598,675.74,2016
42,133,31,56,1784,2015.92,2016
13,135,-27,-74,-2385,-2695.05,2016
37,135,465,420,2743,3099.59,2016
37,139,18,31,1149,1298.37,2016
37,141,-15,-32,-3226,-3645.38,2016
37,145,-25,-105,-4443,-5020.59,2016
37,147,379,612,19911,22499.43,2016
33,15,27,63,1546,1746.98,2016
37,15,20,33,510,576.3,2016
45,15,-1,9,-4455,-5034.15,2016
37,151,40,20,2031,2295.03,2016
39,151,22,39,832,940.16,2016
19,153,25,45,2193,2478.09,2016
37,153,28,47,1112,1256.56,2016
39,153,58,96,3441,3888.33,2016
51,153,30,66,4685,5294.05,2016
37,155,28,49,816,922.08,2016
37,157,38,43,1300,1469,2016
47,157,15,48,2017,2279.21,2016
48,157,4,-1,377,426.01,2016
37,159,-16,-33,-988,-1116.44,2016
26,161,30,60,2273,2568.49,2016
51,161,16,52,4252,4804.76,2016
26,163,3,7,238,268.94,2016
37,163,13,46,904,1021.52,2016
47,163,22,40,894,1010.22,2016
37,165,28,43,1699,1919.87,2016
24,17,21,38,1155,1305.15,2016
25,17,110,213,14740,16656.2,2016
34,17,47,137,4720,5333.6,2016
37,17,21,34,622,702.86,2016
42,17,10,13,254,287.02,2016
37,171,21,35,1392,1572.96,2016
51,177,23,49,1829,2066.77,2016
37,179,-20,-48,-1017,-1149.21,2016
51,179,26,72,1753,1980.89,2016
37,181,14,26,3175,3587.75,2016
37,183,1881,3827,124588,140784.44,2016
37,185,-3,-13,-246,-277.98,2016
47,187,-36,-76,-5472,-6183.36,2016
29,189,-2,-17,-715,-807.95,2016
37,189,27,44,-900,-1017,2016
4,19,38,68,1916,2165.08,2016
17,19,21,41,1247,1409.11,2016
37,19,-74,-173,-13100,-14803,2016
45,19,-4,-9,-3046,-3441.98,2016
37,191,83,112,2035,2299.55,2016
37,195,71,62,5552,6273.76,2016
17,197,23,51,1713,1935.69,2016
48,201,-8,-46,2042,2307.46,2016
12,21,31,54,2537,2866.81,2016
24,21,26,60,1844,2083.72,2016
25,21,44,115,5756,6504.28,2016
34,21,30,67,2898,3274.74,2016
37,21,-38,-38,-6274,-7089.62,2016
25,23,32,57,3018,3410.34,2016
34,23,134,351,14400,16272,2016
37,23,11,15,968,1093.84,2016
25,25,24,85,6308,7128.04,2016
34,25,58,126,4937,5578.81,2016
37,25,3,-18,1317,1488.21,2016
55,25,30,62,2666,3012.58,2016
24,27,28,87,3529,3987.77,2016
25,27,38,120,5361,6057.93,2016
34,27,92,225,11298,12766.74,2016
36,27,39,69,1988,2246.44,2016
37,27,20,34,949,1072.37,2016
42,27,30,53,2174,2456.62,2016
48,27,1,-14,562,635.06,2016
34,29,40,92,2515,2841.95,2016
36,29,59,114,4352,4917.76,2016
42,29,23,15,-1137,-1284.81,2016
48,29,-9,-49,-856,-967.28,2016
8,31,-74,-71,-6780,-7661.4,2016
12,31,-33,-101,-1464,-1654.32,2016
17,31,155,345,17413,19676.69,2016
24,31,54,111,2046,2311.98,2016
32,31,-22,-42,-1361,-1537.93,2016
34,31,51,87,2700,3051,2016
37,31,-12,-22,-7750,-8757.5,2016
12,33,21,39,893,1009.09,2016
22,33,-1,-10,-457,-516.41,2016
24,33,75,142,6125,6921.25,2016
37,33,-5,-6,651,735.63,2016
53,33,-116,-187,-10294,-11632.22,2016
8,35,-22,-46,-2024,-2287.12,2016
34,35,120,295,14580,16475.4,2016
37,35,36,46,2716,3069.08,2016
39,35,35,57,2491,2814.83,2016
45,35,2,0,-276,-311.88,2016
49,35,15,37,1614,1823.82,2016
6,37,26,145,2639,2982.07,2016
37,37,-415,-1062,-75672,-85509.36,2016
47,37,-44,-49,-3068,-3466.84,2016
34,39,63,148,4397,4968.61,2016
54,39,22,29,1617,1827.21,2016
8,41,-14,-14,-895,-1011.35,2016
42,41,26,59,2144,2422.72,2016
45,41,26,48,1685,1904.05,2016
51,41,25,25,1807,2041.91,2016
17,43,11,18,2390,2700.7,2016
42,43,26,43,1675,1892.75,2016
48,439,-25,-34,556,628.28,2016
24,45,20,40,1492,1685.96,2016
37,45,21,33,1060,1197.8,2016
42,45,36,69,2466,2786.58,2016
45,45,-26,-56,-2578,-2913.14,2016
48,453,41,92,-8343,-9427.59,2016
36,47,100,251,8484,9586.92,2016
37,47,5,4,245,276.85,2016
37,49,51,97,3766,4255.58,2016
39,49,8,6,2296,2594.48,2016
42,49,24,46,1265,1429.45,2016
49,49,31,106,2025,2288.25,2016
48,491,-13,-32,-2848,-3218.24,2016
13,51,9,27,414,467.82,2016
37,51,305,546,18359,20745.67,2016
41,51,-71,-111,-4694,-5304.22,2016
45,51,-23,-45,-3309,-3739.17,2016
24,510,27,68,574,648.62,2016
51,510,17,24,2025,2288.25,2016
27,53,45,89,8398,9489.74,2016
53,53,2,19,268,302.84,2016
31,55,20,45,1807,2041.91,2016
36,55,106,213,7784,8795.92,2016
37,55,23,19,-3,-3.39,2016
51,550,15,11,695,785.35,2016
12,57,-11,-24,1362,1539.06,2016
13,57,23,51,1929,2179.77,2016
18,57,8,28,85,96.05,2016
37,57,45,79,1970,2226.1,2016
6,59,9,16,3210,3627.3,2016
8,59,-2,-2,-50,-56.5,2016
36,59,173,364,13782,15573.66,2016
37,59,22,39,1535,1734.55,2016
51,59,110,178,19368,21885.84,2016
12,61,-20,-34,-884,-998.92,2016
36,61,-41,72,14167,16008.71,2016
37,61,37,62,1505,1700.65,2016
39,61,-5,-17,-89,-100.57,2016
53,61,-21,-46,-1711,-1933.43,2016
13,63,20,35,621,701.73,2016
37,63,-269,841,46322,52343.86,2016
45,63,7,18,1263,1427.19,2016
6,65,4,25,355,401.15,2016
37,65,7,-6,555,627.15,2016
47,65,22,36,2078,2348.14,2016
51,650,10,31,99,111.87,2016
6,67,-4,5,-562,-635.06,2016
13,67,16,30,2750,3107.5,2016
21,67,9,18,995,1124.35,2016
36,67,59,88,3610,4079.3,2016
37,67,128,179,9952,11245.76,2016
41,67,-24,-51,-2345,-2649.85,2016
51,680,34,56,1368,1545.84,2016
8,69,-24,-52,-2464,-2784.32,2016
12,69,-31,-55,-2720,-3073.6,2016
37,69,-347,-766,-22539,-25469.07,2016
42,69,30,82,2518,2845.34,2016
51,700,12,28,360,406.8,2016
6,71,8,23,666,752.58,2016
12,71,-1,14,-583,-658.79,2016
22,71,-21,-31,-1076,-1215.88,2016
36,71,50,92,2889,3264.57,2016
37,71,-32,-73,-1044,-1179.72,2016
42,71,30,57,1677,1895.01,2016
51,710,21,44,1297,1465.61,2016
1,73,3,10,597,674.61,2016
6,73,48,165,3564,4027.32,2016
12,73,21,40,1489,1682.57,2016
51,740,27,59,1001,1131.13,2016
6,75,-44,-39,-8916,-10075.08,2016
51,760,18,27,1650,1864.5,2016
26,77,23,37,2011,2272.43,2016
37,77,-216,-520,-9453,-10681.89,2016
51,770,41,74,3550,4011.5,2016
45,79,-17,16,3090,3491.7,2016
55,79,45,78,3328,3760.64,2016
6,81,-26,-19,-4001,-4521.13,2016
12,81,-4,-13,-692,-781.96,2016
26,81,36,70,2158,2438.54,2016
36,81,154,328,9134,10321.42,2016
37,81,299,482,22247,25139.11,2016
51,810,70,108,3181,3594.53,2016
37,83,36,50,1556,1758.28,2016
45,83,-5,-11,-1181,-1334.53,2016
51,83,24,52,621,701.73,2016
6,85,-6,103,526,594.38,2016
36,85,38,104,4297,4855.61,2016
37,85,-232,-495,-6157,-6957.41,2016
48,85,26,60,2891,3266.83,2016
12,86,82,169,3827,4324.51,2016
36,87,26,62,2568,2901.84,2016
51,87,12,27,1791,2023.83,2016
1,89,30,67,2671,3018.23,2016
13,89,-19,-45,-421,-475.73,2016
37,89,-10,-24,-644,-727.72,2016
12,91,22,44,861,972.93,2016
20,91,12,26,2400,2712,2016
36,91,31,62,2210,2497.3,2016
42,91,14,9,-2561,-2893.93,2016
45,91,2,-2,82,92.66,2016
36,93,25,48,1464,1654.32,2016
37,93,36,74,1835,2073.55,2016
47,93,4,12,2406,2718.78,2016
12,95,34,59,-3039,-3434.07,2016
39,95,21,46,2629,2970.77,2016
42,95,30,61,2212,2499.56,2016
17,97,17,59,603,681.39,2016
18,97,33,57,3207,3623.91,2016
37,97,-15,-47,-1349,-1524.37,2016
12,99,64,140,3391,3831.83,2016
26,99,7,18,533,602.29,2016
37,99,26,34,926,1046.38,2016
6,1,35,136,12300,13653,2017
8,1,-6,0,-1239,-1375.29,2017
9,1,178,381,21437,23795.07,2017
10,1,23,43,1684,1869.24,2017
11,1,65,131,14070,15617.7,2017
12,1,98,147,5765,6399.15,2017
16,1,-28,-61,-2371,-2631.81,2017
35,1,3,6,1162,1289.82,2017
36,1,53,98,3712,4120.32,2017
37,1,-1008,-2163,-48069,-53356.59,2017
9,3,100,230,11721,13010.31,2017
10,3,23,52,2846,3159.06,2017
15,3,41,114,2208,2450.88,2017
24,3,96,192,10091,11201.01,2017
32,3,-8,20,1295,1437.45,2017
34,3,103,207,9908,10997.88,2017
42,3,63,90,4791,5318.01,2017
51,3,2,6,397,440.67,2017
8,5,-6,5,-141,-156.51,2017
23,5,6,-2,-5,-5.55,2017
24,5,53,130,5485,6088.35,2017
25,5,31,65,2609,2895.99,2017
34,5,36,60,2116,2348.76,2017
36,5,121,302,5440,6038.4,2017
34,7,32,73,2678,2972.58,2017
36,7,34,55,1614,1791.54,2017
44,7,30,72,2925,3246.75,2017
50,7,35,64,2918,3238.98,2017
9,9,82,154,7149,7935.39,2017
12,9,8,11,-68,-75.48,2017
25,9,41,92,4308,4781.88,2017
37,9,-25,-51,-2143,-2378.73,2017
12,101,22,30,1424,1580.64,2017
37,101,-1790,-4022,-97668,-108411.48,2017
42,101,15,61,997,1106.67,2017
12,103,-7,-8,-3204,-3556.44,2017
22,103,20,41,2275,2525.25,2017
36,103,474,998,35091,38951.01,2017
12,105,-6,-26,-1154,-1280.94,2017
18,105,23,43,2021,2243.31,2017
37,105,-183,-308,-7188,-7978.68,2017
37,107,66,125,5606,6222.66,2017
51,107,78,200,10858,12052.38,2017
12,109,-17,-31,-2356,-2615.16,2017
31,109,27,52,1734,1924.74,2017
37,109,0,-8,-1306,-1449.66,2017
40,109,8,11,-310,-344.1,2017
9,11,27,48,1432,1589.52,2017
12,11,254,620,20057,22263.27,2017
33,11,28,98,4121,4574.31,2017
42,11,32,72,2560,2841.6,2017
53,11,-25,-41,-2383,-2645.13,2017
54,11,23,34,1224,1358.64,2017
6,111,15,32,4542,5041.62,2017
12,111,-3,-1,-627,-695.97,2017
21,111,28,59,1148,1274.28,2017
39,113,72,161,6238,6924.18,2017
48,113,-50,-42,-1941,-2154.51,2017
12,115,-14,-27,-2967,-3293.37,2017
12,117,-3,-16,-1091,-1211.01,2017
13,117,0,19,948,1052.28,2017
37,117,35,69,1275,1415.25,2017
51,117,-6,-13,-1609,-1785.99,2017
5,119,29,61,3732,4142.52,2017
12,119,-28,-50,-3356,-3725.16,2017
36,119,201,452,32754,36356.94,2017
37,119,-406,-581,-14067,-15614.37,2017
13,121,-160,-210,-10063,-11169.93,2017
48,121,-2,-11,-632,-701.52,2017
51,121,36,49,1646,1827.06,2017
27,123,3,28,781,866.91,2017
26,125,27,42,1958,2173.38,2017
37,125,29,14,-1445,-1603.95,2017
47,125,1,17,283,314.13,2017
12,127,23,40,603,669.33,2017
37,127,50,20,19407,21541.77,2017
37,129,-78,-323,-45296,-50278.56,2017
42,129,27,48,2550,2830.5,2017
4,13,80,160,5698,6324.78,2017
6,13,43,106,5343,5930.73,2017
8,13,-40,-60,-4635,-5144.85,2017
9,13,24,43,1806,2004.66,2017
24,13,31,71,3196,3547.56,2017
25,13,32,62,1250,1387.5,2017
34,13,107,229,5756,6389.16,2017
37,13,5,7,-352,-390.72,2017
45,13,-7,-1,-2069,-2296.59,2017
51,13,79,158,15458,17158.38,2017
37,131,25,38,684,759.24,2017
37,133,62,150,-2557,-2838.27,2017
42,133,17,42,1597,1772.67,2017
55,133,33,81,6260,6948.6,2017
13,135,-11,-55,-2382,-2644.02,2017
37,135,376,53,30286,33617.46,2017
37,137,-26,-44,-2543,-2822.73,2017
37,139,46,91,1733,1923.63,2017
37,141,-94,-195,-8331,-9247.41,2017
48,141,26,61,1390,1542.9,2017
17,143,33,75,3627,4025.97,2017
40,143,26,46,2296,2548.56,2017
37,145,-154,-337,-7893,-8761.23,2017
37,147,452,761,25889,28736.79,2017
47,149,0,0,-15,-16.65,2017
12,15,20,35,704,781.44,2017
33,15,32,73,3634,4033.74,2017
34,15,21,39,1389,1541.79,2017
37,15,23,44,808,896.88,2017
45,15,10,27,-1117,-1239.87,2017
13,151,20,40,1166,1294.26,2017
37,151,-22,-46,91,101.01,2017
39,151,30,63,2342,2599.62,2017
19,153,28,60,2770,3074.7,2017
37,153,36,61,1255,1393.05,2017
39,153,25,49,1906,2115.66,2017
51,153,115,233,11037,12251.07,2017
37,155,7,2,552,612.72,2017
18,157,21,37,1178,1307.58,2017
37,157,-9,-31,-748,-830.28,2017
47,157,23,65,1191,1322.01,2017
48,157,26,71,2907,3226.77,2017
37,159,-3,-15,-245,-271.95,2017
26,161,28,61,2380,2641.8,2017
51,161,32,84,4193,4654.23,2017
26,163,38,93,2270,2519.7,2017
37,163,40,30,1428,1585.08,2017
47,163,20,42,1562,1733.82,2017
37,165,5,3,-185,-205.35,2017
39,165,24,51,2413,2678.43,2017
37,167,0,-6,376,417.36,2017
19,169,20,31,1380,1531.8,2017
24,17,23,48,1794,1991.34,2017
25,17,172,388,19579,21732.69,2017
34,17,75,235,9655,10717.05,2017
37,17,4,1,114,126.54,2017
39,17,-20,-49,-1534,-1702.74,2017
42,17,8,28,-214,-237.54,2017
37,171,33,53,1403,1557.33,2017
20,173,25,50,1446,1605.06,2017
37,175,-20,-31,-971,-1077.81,2017
37,179,-6,-46,-1742,-1933.62,2017
47,179,-26,-41,-1658,-1840.38,2017
51,179,24,65,1863,2067.93,2017
37,181,62,91,4930,5472.3,2017
29,183,21,68,2194,2435.34,2017
37,183,3296,6592,257783,286139.13,2017
37,185,-9,-28,-671,-744.81,2017
47,187,-14,-34,45,49.95,2017
29,189,-26,-50,-2353,-2611.83,2017
37,189,-1,-47,-2806,-3114.66,2017
4,19,25,43,989,1097.79,2017
17,19,30,42,1880,2086.8,2017
29,19,23,46,1590,1764.9,2017
34,19,23,53,2819,3129.09,2017
37,19,-240,-441,-26605,-29531.55,2017
42,19,20,49,1780,1975.8,2017
45,19,75,95,1401,1555.11,2017
51,19,-23,-55,-2358,-2617.38,2017
37,191,99,147,10258,11386.38,2017
37,195,3,-57,4838,5370.18,2017
17,197,34,83,4969,5515.59,2017
48,201,138,319,13383,14855.13,2017
12,21,3,9,-1621,-1799.31,2017
24,21,9,36,1080,1198.8,2017
25,21,79,174,5392,5985.12,2017
34,21,19,53,1800,1998,2017
37,21,-55,-146,-8929,-9911.19,2017
13,215,27,65,1366,1516.26,2017
25,23,48,87,3268,3627.48,2017
34,23,134,369,13834,15355.74,2017
37,23,-3,-6,-473,-525.03,2017
24,25,30,64,2230,2475.3,2017
25,25,27,42,3518,3904.98,2017
34,25,54,142,6832,7583.52,2017
37,25,-41,-69,-421,-467.31,2017
55,25,-8,0,-6,-6.66,2017
24,27,29,61,4491,4985.01,2017
25,27,78,162,9349,10377.39,2017
34,27,62,169,9704,10771.44,2017
36,27,78,146,6352,7050.72,2017
37,27,5,13,369,409.59,2017
42,27,30,49,1696,1882.56,2017
48,27,27,66,1483,1646.13,2017
34,29,57,92,3134,3478.74,2017
36,29,96,150,5946,6600.06,2017
42,29,-6,4,-1754,-1946.94,2017
48,29,-24,-8,1015,1126.65,2017
8,31,-76,-50,-3666,-4069.26,2017
12,31,13,65,871,966.81,2017
17,31,181,481,29767,33041.37,2017
24,31,92,236,16764,18608.04,2017
32,31,-20,-32,-1549,-1719.39,2017
34,31,69,151,4982,5530.02,2017
37,31,-166,-325,-19672,-21835.92,2017
12,33,-4,-13,456,506.16,2017
22,33,3,6,1017,1128.87,2017
24,33,39,73,4453,4942.83,2017
37,33,16,30,365,405.15,2017
53,33,-244,-303,-23902,-26531.22,2017
48,339,-1,3,252,279.72,2017
8,35,4,34,1013,1124.43,2017
12,35,20,44,1404,1558.44,2017
34,35,44,91,5299,5881.89,2017
37,35,22,10,-906,-1005.66,2017
39,35,45,96,5269,5848.59,2017
45,35,0,-4,-187,-207.57,2017
49,35,6,-9,-762,-845.82,2017
6,37,89,289,21029,23342.19,2017
24,37,23,50,1806,2004.66,2017
27,37,22,52,1970,2186.7,2017
34,37,22,48,1132,1256.52,2017
37,37,-694,-1774,-112939,-125362.29,2017
47,37,3,6,-1763,-1956.93,2017
34,39,62,150,7468,8289.48,2017
54,39,37,60,2953,3277.83,2017
8,41,-16,4,-1725,-1914.75,2017
34,41,21,39,2664,2957.04,2017
37,41,0,2,735,815.85,2017
39,41,20,59,2236,2481.96,2017
42,41,25,62,1702,1889.22,2017
45,41,13,10,515,571.65,2017
48,41,21,44,1393,1546.23,2017
51,41,3,3,1357,1506.27,2017
17,43,34,78,5586,6200.46,2017
42,43,25,62,1644,1824.84,2017
48,439,-15,-39,-1383,-1535.13,2017
37,45,10,9,307,340.77,2017
42,45,19,41,2790,3096.9,2017
45,45,2,39,5338,5925.18,2017
48,453,-19,38,-2592,-2877.12,2017
36,47,211,513,17355,19264.05,2017
37,47,-8,-10,-243,-269.73,2017
37,49,48,54,727,806.97,2017
39,49,66,125,6508,7223.88,2017
42,49,50,86,3035,3368.85,2017
49,49,22,74,1653,1834.83,2017
48,491,-5,-13,-1757,-1950.27,2017
13,51,54,114,3741,4152.51,2017
22,51,29,50,1721,1910.31,2017
37,51,378,742,26789,29735.79,2017
41,51,-17,-40,-1072,-1189.92,2017
45,51,-83,-169,-3066,-3403.26,2017
24,510,20,53,3859,4283.49,2017
29,510,7,18,1139,1264.29,2017
51,510,5,25,1995,2214.45,2017
6,53,20,37,1063,1179.93,2017
27,53,-8,13,1573,1746.03,2017
53,53,5,18,449,498.39,2017
31,55,32,82,2546,2826.06,2017
36,55,137,253,8352,9270.72,2017
37,55,20,32,-200,-222,2017
51,550,19,37,2475,2747.25,2017
12,57,9,72,1489,1652.79,2017
13,57,-11,-29,-470,-521.7,2017
18,57,11,49,1794,1991.34,2017
37,57,49,66,2543,2822.73,2017
45,57,-24,-56,-2445,-2713.95,2017
6,59,77,192,7817,8676.87,2017
8,59,-14,-9,-666,-739.26,2017
13,59,43,61,3073,3411.03,2017
36,59,251,530,22927,25448.97,2017
37,59,-26,-61,-1891,-2099.01,2017
51,59,304,643,40689,45164.79,2017
51,590,24,50,1418,1573.98,2017
6,61,25,66,2928,3250.08,2017
36,61,17,106,18322,20337.42,2017
37,61,4,30,70,77.7,2017
39,61,36,56,4777,5302.47,2017
53,61,-12,-30,-393,-436.23,2017
54,61,32,52,1891,2099.01,2017
13,63,-24,-55,-711,-789.21,2017
37,63,-49,1747,-1502,-1667.22,2017
45,63,25,47,1680,1864.8,2017
6,65,18,38,1523,1690.53,2017
26,65,0,3,577,640.47,2017
36,65,24,38,1364,1514.04,2017
37,65,29,17,1225,1359.75,2017
47,65,-13,-36,-1611,-1788.21,2017
51,650,22,43,824,914.64,2017
6,67,12,32,1054,1169.94,2017
13,67,11,25,2386,2648.46,2017
21,67,37,75,2587,2871.57,2017
36,67,84,150,5984,6642.24,2017
37,67,90,95,6900,7659,2017
41,67,-5,42,2214,2457.54,2017
53,67,21,49,1614,1791.54,2017
51,680,17,37,629,698.19,2017
8,69,-1,1,161,178.71,2017
12,69,-17,-35,-1624,-1802.64,2017
36,69,20,36,811,900.21,2017
37,69,-616,-1439,-40931,-45433.41,2017
42,69,34,64,1997,2216.67,2017
51,700,19,17,952,1056.72,2017
6,71,-37,-54,-1694,-1880.34,2017
12,71,-13,-17,-2091,-2321.01,2017
22,71,34,57,937,1040.07,2017
36,71,80,198,8181,9080.91,2017
37,71,-18,-38,499,553.89,2017
42,71,30,70,3028,3361.08,2017
51,710,51,67,2414,2679.54,2017
1,73,8,20,-654,-725.94,2017
6,73,92,259,5750,6382.5,2017
12,73,25,35,1702,1889.22,2017
13,73,26,67,2830,3141.3,2017
51,740,20,42,731,811.41,2017
6,75,-98,-59,-1510,-1676.1,2017
51,760,-11,-5,-1722,-1911.42,2017
26,77,30,53,2071,2298.81,2017
37,77,-369,-820,-27136,-30120.96,2017
42,77,34,67,2098,2328.78,2017
45,77,27,40,1336,1482.96,2017
51,770,20,36,2302,2555.22,2017
37,79,23,42,919,1020.09,2017
45,79,53,96,2600,2886,2017
55,79,75,139,4929,5471.19,2017
1,81,21,38,1441,1599.51,2017
6,81,-21,17,5270,5849.7,2017
12,81,0,-25,-171,-189.81,2017
26,81,5,16,814,903.54,2017
36,81,236,464,15542,17251.62,2017
37,81,281,433,30880,34276.8,2017
51,810,69,149,3943,4376.73,2017
6,83,25,49,3001,3331.11,2017
12,83,3,8,-148,-164.28,2017
37,83,41,38,1674,1858.14,2017
45,83,-4,-1,-70,-77.7,2017
51,83,2,7,-192,-213.12,2017
6,85,-71,206,9011,10002.21,2017
36,85,36,91,1771,1965.81,2017
37,85,-403,-809,-26005,-28865.55,2017
48,85,-43,-93,-6066,-6733.26,2017
12,86,234,484,13714,15222.54,2017
6,87,20,47,2175,2414.25,2017
36,87,51,109,5054,5609.94,2017
37,87,-10,-23,-1984,-2202.24,2017
51,87,32,50,4828,5359.08,2017
1,89,2,-8,627,695.97,2017
13,89,-76,-130,-3702,-4109.22,2017
17,89,51,114,5146,5712.06,2017
37,89,-29,-69,-2768,-3072.48,2017
12,91,21,56,1279,1419.69,2017
20,91,9,4,1735,1925.85,2017
36,91,35,74,3443,3821.73,2017
37,91,36,59,1546,1716.06,2017
42,91,1,21,4022,4464.42,2017
45,91,-52,-88,-2404,-2668.44,2017
37,93,25,61,977,1084.47,2017
47,93,-16,-40,-1775,-1970.25,2017
12,95,45,11,-2869,-3184.59,2017
39,95,20,49,1277,1417.47,2017
42,95,27,49,2250,2497.5,2017
51,95,26,55,2072,2299.92,2017
12,97,-4,14,-744,-825.84,2017
13,97,20,34,684,759.24,2017
17,97,60,145,5599,6214.89,2017
18,97,15,31,34,37.74,2017
37,97,33,56,1106,1227.66,2017
12,99,152,348,11618,12895.98,2017
26,99,12,38,2272,2521.92,2017
37,99,2,-7,-336,-372.96,2017
6,1,58,168,9187,9921.96,2018
8,1,-21,-34,-1303,-1407.24,2018
9,1,107,245,15547,16790.76,2018
11,1,30,67,12234,13212.72,2018
12,1,74,103,3887,4197.96,2018
36,1,36,58,2774,2995.92,2018
37,1,-788,-1667,-40417,-43650.36,2018
9,3,52,87,4627,4997.16,2018
10,3,33,48,4380,4730.4,2018
15,3,18,39,890,961.2,2018
24,3,45,97,3416,3689.28,2018
32,3,2,34,428,462.24,2018
34,3,112,250,9984,10782.72,2018
42,3,24,32,2059,2223.72,2018
51,3,-29,-63,-3773,-4074.84,2018
8,5,29,70,2494,2693.52,2018
23,5,23,36,1557,1681.56,2018
24,5,60,80,5004,5404.32,2018
25,5,23,37,1695,1830.6,2018
34,5,36,74,4211,4547.88,2018
36,5,123,247,5049,5452.92,2018
34,7,21,49,1745,1884.6,2018
36,7,32,47,1121,1210.68,2018
44,7,44,95,2897,3128.76,2018
50,7,23,35,1464,1581.12,2018
9,9,55,84,3508,3788.64,2018
12,9,23,47,911,983.88,2018
25,9,22,60,2037,2199.96,2018
12,101,-18,-8,-1210,-1306.8,2018
37,101,-1345,-3042,-71624,-77353.92,2018
42,101,11,36,-587,-633.96,2018
12,103,29,37,3004,3244.32,2018
36,103,237,481,17821,19246.68,2018
12,105,-3,-20,-571,-616.68,2018
37,105,-231,-547,-10621,-11470.68,2018
37,107,53,107,1764,1905.12,2018
51,107,43,65,4943,5338.44,2018
12,109,-14,-42,-2404,-2596.32,2018
36,109,20,40,1454,1570.32,2018
40,109,26,60,2360,2548.8,2018
12,11,155,339,12315,13300.2,2018
33,11,25,72,3317,3582.36,2018
42,11,25,52,1649,1780.92,2018
6,111,24,48,2004,2164.32,2018
12,111,-4,-3,-893,-964.44,2018
21,111,-7,-21,-488,-527.04,2018
36,111,21,30,1434,1548.72,2018
39,113,55,132,4428,4782.24,2018
48,113,-23,-26,887,957.96,2018
12,115,12,15,5284,5706.72,2018
12,117,13,32,682,736.56,2018
13,117,0,-1,-1258,-1358.64,2018
37,117,27,50,1013,1094.04,2018
51,117,-1,-10,-674,-727.92,2018
5,119,25,43,1993,2152.44,2018
36,119,111,258,22141,23912.28,2018
37,119,-197,-266,-1207,-1303.56,2018
13,121,-99,-117,-6230,-6728.4,2018
48,121,12,27,1960,2116.8,2018
51,121,22,23,595,642.6,2018
27,123,24,41,1588,1715.04,2018
26,125,46,76,5136,5546.88,2018
37,125,18,8,1741,1880.28,2018
47,125,21,49,908,980.64,2018
12,127,14,19,1126,1216.08,2018
37,127,73,140,2823,3048.84,2018
37,129,49,-27,-12992,-14031.36,2018
4,13,35,94,-419,-452.52,2018
6,13,20,81,4262,4602.96,2018
8,13,-4,1,-1417,-1530.36,2018
34,13,96,201,7526,8128.08,2018
37,13,-9,-7,-3647,-3938.76,2018
45,13,-5,-9,-1641,-1772.28,2018
51,13,24,97,9068,9793.44,2018
37,131,22,33,888,959.04,2018
37,133,43,84,1466,1583.28,2018
42,133,27,65,2416,2609.28,2018
55,133,20,45,2098,2265.84,2018
13,135,-5,16,1584,1710.72,2018
37,135,199,12,22708,24524.64,2018
37,137,-22,-34,-1840,-1987.2,2018
37,139,14,32,723,780.84,2018
37,141,-32,-47,-5518,-5959.44,2018
48,141,30,78,2597,2804.76,2018
17,143,21,53,2706,2922.48,2018
37,145,-99,-238,-8939,-9654.12,2018
37,147,347,530,15245,16464.6,2018
33,15,32,66,4453,4809.24,2018
37,15,25,47,656,708.48,2018
45,15,-15,-32,-1611,-1739.88,2018
37,151,-27,-98,-563,-608.04,2018
37,153,20,34,589,636.12,2018
39,153,15,17,-299,-322.92,2018
51,153,64,108,7924,8557.92,2018
37,155,15,38,631,681.48,2018
37,157,9,19,1387,1497.96,2018
47,157,10,41,2163,2336.04,2018
48,157,5,9,921,994.68,2018
37,159,20,27,95,102.6,2018
26,161,-11,-4,-592,-639.36,2018
51,161,28,49,2058,2222.64,2018
26,163,16,36,410,442.8,2018
37,163,8,31,-98,-105.84,2018
37,165,20,33,530,572.4,2018
24,17,28,55,2536,2738.88,2018
25,17,75,203,9327,10073.16,2018
34,17,50,163,6013,6494.04,2018
37,17,22,39,1263,1364.04,2018
39,17,30,58,2363,2552.04,2018
42,17,2,5,519,560.52,2018
37,171,-22,-39,-1299,-1402.92,2018
37,179,37,63,3112,3360.96,2018
51,179,-1,0,198,213.84,2018
37,181,6,2,871,940.68,2018
37,183,2452,4827,171679,185413.32,2018
37,185,19,28,-1108,-1196.64,2018
47,187,0,8,1011,1091.88,2018
29,189,15,57,4540,4903.2,2018
37,189,66,81,532,574.56,2018
4,19,-2,-13,-487,-525.96,2018
12,19,-25,-50,-1109,-1197.72,2018
34,19,23,57,3747,4046.76,2018
37,19,-96,-202,-17695,-19110.6,2018
45,19,-29,-60,-2304,-2488.32,2018
37,191,112,143,6160,6652.8,2018
37,195,-52,-80,-210,-226.8,2018
17,197,25,58,3276,3538.08,2018
48,201,79,144,8600,9288,2018
12,21,-7,-22,-10717,-11574.36,2018
24,21,38,63,2397,2588.76,2018
25,21,9,14,436,470.88,2018
34,21,70,141,8384,9054.72,2018
37,21,-9,-14,-3671,-3964.68,2018
13,215,21,47,982,1060.56,2018
25,23,26,58,3379,3649.32,2018
34,23,73,186,7795,8418.6,2018
37,23,8,3,425,459,2018
25,25,13,45,1367,1476.36,2018
34,25,39,76,4121,4450.68,2018
37,25,22,25,2102,2270.16,2018
55,25,48,74,4157,4489.56,2018
24,27,11,32,1456,1572.48,2018
25,27,51,97,4306,4650.48,2018
34,27,54,137,6545,7068.6,2018
36,27,48,97,3387,3657.96,2018
37,27,25,41,2049,2212.92,2018
48,27,3,16,241,260.28,2018
34,29,31,60,2444,2639.52,2018
36,29,49,82,2266,2447.28,2018
42,29,57,111,7329,7915.32,2018
48,29,-9,-50,-241,-260.28,2018
8,31,-79,-87,-3898,-4209.84,2018
12,31,-14,-8,-4093,-4420.44,2018
17,31,122,286,22016,23777.28,2018
24,31,104,238,13209,14265.72,2018
32,31,-25,-39,-2601,-2809.08,2018
34,31,42,96,2534,2736.72,2018
37,31,-90,-169,-14460,-15616.8,2018
12,33,-20,-31,-657,-709.56,2018
22,33,26,43,1124,1213.92,2018
24,33,27,44,3925,4239,2018
37,33,-28,-64,-995,-1074.6,2018
53,33,-192,-237,-10557,-11401.56,2018
8,35,-4,3,-119,-128.52,2018
34,35,57,116,5851,6319.08,2018
37,35,18,18,314,339.12,2018
39,35,16,25,958,1034.64,2018
45,35,2,23,660,712.8,2018
49,35,14,13,1073,1158.84,2018
6,37,117,321,7072,7637.76,2018
37,37,-564,-1270,-84185,-90919.8,2018
47,37,-33,-43,-1033,-1115.64,2018
34,39,62,138,4596,4963.68,2018
54,39,23,35,1119,1208.52,2018
8,41,-20,-42,52,56.16,2018
37,41,24,37,1470,1587.6,2018
42,41,24,46,1387,1497.96,2018
45,41,27,53,2676,2890.08,2018
51,41,-13,-24,-1281,-1383.48,2018
17,43,43,124,4357,4705.56,2018
42,43,23,35,1001,1081.08,2018
48,439,6,14,1421,1534.68,2018
42,45,1,-15,1265,1366.2,2018
45,45,3,6,-847,-914.76,2018
48,453,-75,-83,-5795,-6258.6,2018
36,47,129,289,12107,13075.56,2018
37,47,31,52,1523,1644.84,2018
37,49,8,17,-1459,-1575.72,2018
39,49,75,112,5390,5821.2,2018
42,49,22,38,993,1072.44,2018
49,49,-1,6,-414,-447.12,2018
48,491,10,17,1207,1303.56,2018
13,51,29,63,1638,1769.04,2018
37,51,294,581,18010,19450.8,2018
41,51,-45,-57,-2628,-2838.24,2018
45,51,-20,-74,-6456,-6972.48,2018
24,510,36,68,677,731.16,2018
51,510,25,50,4637,5007.96,2018
27,53,27,47,3265,3526.2,2018
53,53,6,19,-202,-218.16,2018
31,55,20,34,1458,1574.64,2018
36,55,94,181,8088,8735.04,2018
37,55,21,24,238,257.04,2018
51,550,25,67,1850,1998,2018
12,57,-4,-15,-1214,-1311.12,2018
18,57,32,77,4314,4659.12,2018
37,57,9,14,-79,-85.32,2018
6,59,41,117,4935,5329.8,2018
8,59,-5,-11,-962,-1038.96,2018
13,59,21,33,812,876.96,2018
36,59,229,486,17897,19328.76,2018
51,59,148,319,24840,26827.2,2018
51,590,24,44,2130,2300.4,2018
36,61,26,88,17060,18424.8,2018
37,61,19,28,1013,1094.04,2018
39,61,25,36,6109,6597.72,2018
53,61,23,66,3413,3686.04,2018
13,63,-24,-47,-562,-606.96,2018
37,63,87,1442,17879,19309.32,2018
45,63,-7,-36,-977,-1055.16,2018
6,65,17,45,1546,1669.68,2018
36,65,28,45,1247,1346.76,2018
37,65,33,55,556,600.48,2018
47,65,3,5,-784,-846.72,2018
51,650,-7,-17,169,182.52,2018
6,67,-7,8,-235,-253.8,2018
13,67,-27,-66,-876,-946.08,2018
21,67,11,20,1304,1408.32,2018
36,67,70,134,4999,5398.92,2018
37,67,80,52,5398,5829.84,2018
41,67,-20,-22,-262,-282.96,2018
51,680,33,47,1827,1973.16,2018
8,69,9,16,443,478.44,2018
12,69,-9,-24,-1396,-1507.68,2018
37,69,-539,-1255,-31535,-34057.8,2018
42,69,25,55,1868,2017.44,2018
51,700,11,29,690,745.2,2018
6,71,14,33,2652,2864.16,2018
12,71,32,62,2033,2195.64,2018
36,71,56,110,3429,3703.32,2018
37,71,9,-4,135,145.8,2018
42,71,23,51,2058,2222.64,2018
51,710,4,6,414,447.12,2018
1,73,-20,-38,-1968,-2125.44,2018
6,73,70,163,7430,8024.4,2018
12,73,35,68,2144,2315.52,2018
6,75,-66,-69,-3918,-4231.44,2018
51,760,18,37,1263,1364.04,2018
37,77,-191,-476,-15983,-17261.64,2018
42,77,34,74,2731,2949.48,2018
45,77,21,30,706,762.48,2018
51,770,5,10,1012,1092.96,2018
45,79,86,135,4831,5217.48,2018
55,79,15,36,371,400.68,2018
6,81,-12,-2,4848,5235.84,2018
12,81,7,5,-3955,-4271.4,2018
26,81,28,57,2386,2576.88,2018
36,81,131,247,8227,8885.16,2018
37,81,51,-89,17172,18545.76,2018
51,810,6,16,251,271.08,2018
12,83,3,5,579,625.32,2018
37,83,34,53,2313,2498.04,2018
45,83,-33,-68,-1618,-1747.44,2018
51,83,22,37,710,766.8,2018
6,85,-115,-2,3751,4051.08,2018
12,85,20,31,1099,1186.92,2018
36,85,33,72,2243,2422.44,2018
37,85,-346,-805,-17988,-19427.04,2018
48,85,2,-57,243,262.44,2018
12,86,208,443,7205,7781.4,2018
36,87,27,37,1256,1356.48,2018
37,87,-2,-5,789,852.12,2018
51,87,-18,-40,6100,6588,2018
1,89,25,54,1548,1671.84,2018
13,89,3,27,2114,2283.12,2018
17,89,21,37,2357,2545.56,2018
37,89,-6,-8,33,35.64,2018
42,89,23,40,921,994.68,2018
20,91,26,28,2451,2647.08,2018
36,91,28,62,2724,2941.92,2018
42,91,65,105,8454,9130.32,2018
45,91,-3,-2,23,24.84,2018
37,93,7,11,729,787.32,2018
47,93,19,20,1720,1857.6,2018
12,95,67,69,3484,3762.72,2018
39,95,21,34,1329,1435.32,2018
42,95,21,38,1798,1941.84,2018
12,97,1,-6,-732,-790.56,2018
17,97,29,75,5297,5720.76,2018
18,97,39,64,2696,2911.68,2018
37,97,30,21,1063,1148.04,2018
12,99,96,166,4308,4652.64,2018
6,1,2,85,3906,4140.36,2019
8,1,25,45,1765,1870.9,2019
9,1,96,196,12826,13595.56,2019
11,1,41,90,12552,13305.12,2019
12,1,46,60,2312,2450.72,2019
16,1,-20,-44,-1847,-1957.82,2019
35,1,9,22,573,607.38,2019
36,1,44,78,4166,4415.96,2019
37,1,-772,-1657,-33780,-35806.8,2019
9,3,53,132,6932,7347.92,2019
10,3,31,53,2501,2651.06,2019
15,3,10,14,198,209.88,2019
24,3,37,77,3812,4040.72,2019
32,3,2,13,233,246.98,2019
34,3,69,149,6756,7161.36,2019
42,3,63,136,6484,6873.04,2019
51,3,12,29,1156,1225.36,2019
8,5,13,47,2205,2337.3,2019
24,5,61,88,5829,6178.74,2019
25,5,24,45,1861,1972.66,2019
34,5,13,25,935,991.1,2019
36,5,92,211,3807,4035.42,2019
34,7,29,67,1078,1142.68,2019
36,7,27,39,1423,1508.38,2019
44,7,26,60,2130,2257.8,2019
50,7,0,4,88,93.28,2019
9,9,75,138,4977,5275.62,2019
12,9,7,-1,-1458,-1545.48,2019
25,9,30,58,4202,4454.12,2019
37,9,-20,-36,-1967,-2085.02,2019
12,101,19,18,828,877.68,2019
37,101,-1463,-3280,-84752,-89837.12,2019
42,101,-40,-75,-5848,-6198.88,2019
12,103,34,77,4960,5257.6,2019
36,103,273,512,22251,23586.06,2019
12,105,-10,-27,-105,-111.3,2019
37,105,-175,-462,-10756,-11401.36,2019
37,107,65,107,3249,3443.94,2019
51,107,71,137,7807,8275.42,2019
12,109,-21,-63,-3508,-3718.48,2019
37,109,-26,-43,-2525,-2676.5,2019
12,11,125,235,2312,2450.72,2019
33,11,31,82,5481,5809.86,2019
42,11,26,47,1746,1850.76,2019
6,111,32,70,2474,2622.44,2019
12,111,23,38,1505,1595.3,2019
21,111,6,21,202,214.12,2019
39,113,37,94,3671,3891.26,2019
48,113,16,28,3268,3464.08,2019
12,115,23,35,-83,-87.98,2019
12,117,19,37,1551,1644.06,2019
13,117,-7,-28,-883,-935.98,2019
37,117,20,44,1186,1257.16,2019
51,117,5,12,-706,-748.36,2019
12,119,-25,-45,-3261,-3456.66,2019
36,119,94,185,17560,18613.6,2019
37,119,-267,-348,-24283,-25739.98,2019
13,121,-51,-21,2673,2833.38,2019
48,121,1,4,1265,1340.9,2019
51,121,1,5,1455,1542.3,2019
27,123,20,28,1289,1366.34,2019
26,125,54,130,4839,5129.34,2019
37,125,49,63,661,700.66,2019
12,127,-7,-21,-2836,-3006.16,2019
37,127,-67,-177,2018,2139.08,2019
37,129,99,106,-30333,-32152.98,2019
42,129,25,35,1666,1765.96,2019
4,13,30,84,2091,2216.46,2019
6,13,19,65,5492,5821.52,2019
8,13,-35,-60,-2203,-2335.18,2019
34,13,89,179,4933,5228.98,2019
37,13,1,6,-850,-901,2019
45,13,7,-10,-1314,-1392.84,2019
51,13,37,77,12612,13368.72,2019
37,131,-24,-47,-1637,-1735.22,2019
37,133,128,247,1231,1304.86,2019
42,133,20,42,1257,1332.42,2019
13,135,-26,-52,-218,-231.08,2019
37,135,260,157,8838,9368.28,2019
37,139,45,75,2340,2480.4,2019
37,141,9,-8,-1673,-1773.38,2019
48,141,6,3,129,136.74,2019
17,143,21,52,4841,5131.46,2019
40,143,36,63,2558,2711.48,2019
37,145,-104,-228,-7126,-7553.56,2019
37,147,361,571,18843,19973.58,2019
33,15,32,55,2655,2814.3,2019
37,15,24,43,792,839.52,2019
45,15,-1,-1,203,215.18,2019
37,151,-54,-170,-986,-1045.16,2019
37,153,20,42,672,712.32,2019
39,153,36,70,2336,2476.16,2019
51,153,21,54,3671,3891.26,2019
37,155,25,49,4256,4511.36,2019
37,157,15,16,583,617.98,2019
47,157,-7,7,915,969.9,2019
48,157,0,5,1398,1481.88,2019
37,159,17,24,1170,1240.2,2019
26,161,39,71,3915,4149.9,2019
26,163,40,89,4291,4548.46,2019
37,163,2,-19,-519,-550.14,2019
39,165,22,63,3005,3185.3,2019
24,17,20,47,1059,1122.54,2019
25,17,50,143,26212,27784.72,2019
34,17,17,50,1706,1808.36,2019
37,17,4,7,-564,-597.84,2019
42,17,23,47,3635,3853.1,2019
37,179,41,51,878,930.68,2019
51,179,20,45,1557,1650.42,2019
37,181,79,66,3890,4123.4,2019
29,183,-34,-80,-4304,-4562.24,2019
37,183,2489,5173,226405,239989.3,2019
37,185,-32,-66,-3076,-3260.56,2019
29,189,3,-13,-1520,-1611.2,2019
37,189,28,7,-1457,-1544.42,2019
4,19,3,-1,312,330.72,2019
12,19,21,39,1381,1463.86,2019
37,19,-95,-226,-15859,-16810.54,2019
45,19,-12,-53,-11316,-11994.96,2019
37,191,41,103,3329,3528.74,2019
37,195,17,-38,2629,2786.74,2019
17,197,26,60,2286,2423.16,2019
48,201,12,72,6208,6580.48,2019
12,21,33,64,3361,3562.66,2019
24,21,6,8,588,623.28,2019
25,21,34,64,2171,2301.26,2019
34,21,25,56,2446,2592.76,2019
37,21,-34,-32,-5000,-5300,2019
34,23,105,255,13084,13869.04,2019
37,23,9,16,130,137.8,2019
25,25,11,40,6594,6989.64,2019
34,25,42,91,4988,5287.28,2019
37,25,-36,-115,-3124,-3311.44,2019
55,25,43,76,2918,3093.08,2019
24,27,15,46,5280,5596.8,2019
25,27,32,77,3229,3422.74,2019
34,27,37,100,7596,8051.76,2019
36,27,44,71,3844,4074.64,2019
37,27,-24,-42,-1604,-1700.24,2019
48,27,20,35,904,958.24,2019
34,29,30,55,2350,2491,2019
36,29,52,77,3462,3669.72,2019
42,29,13,17,2049,2171.94,2019
48,29,10,15,471,499.26,2019
8,31,-63,-76,-6619,-7016.14,2019
12,31,27,53,216,228.96,2019
17,31,89,231,19727,20910.62,2019
24,31,38,88,8523,9034.38,2019
34,31,44,105,4848,5138.88,2019
37,31,-30,-85,-12059,-12782.54,2019
12,33,-26,-40,-1591,-1686.46,2019
22,33,20,42,1938,2054.28,2019
24,33,50,124,4655,4934.3,2019
37,33,-5,-16,390,413.4,2019
53,33,-129,-123,-3186,-3377.16,2019
8,35,-3,-4,1419,1504.14,2019
34,35,34,68,5128,5435.68,2019
37,35,47,72,1945,2061.7,2019
39,35,53,92,7501,7951.06,2019
45,35,24,44,1298,1375.88,2019
49,35,-20,-13,-3094,-3279.64,2019
6,37,104,220,7788,8255.28,2019
34,37,20,39,2136,2264.16,2019
37,37,-441,-1103,-85019,-90120.14,2019
47,37,-22,-5,-373,-395.38,2019
34,39,63,130,6984,7403.04,2019
8,41,11,26,746,790.76,2019
37,41,22,37,1278,1354.68,2019
39,41,20,52,2197,2328.82,2019
42,41,30,62,2541,2693.46,2019
45,41,23,42,882,934.92,2019
51,41,30,74,3254,3449.24,2019
17,43,26,62,3318,3517.08,2019
48,439,9,29,438,464.28,2019
37,45,32,58,1441,1527.46,2019
42,45,28,57,2002,2122.12,2019
45,45,26,31,2942,3118.52,2019
48,453,-32,-53,-1441,-1527.46,2019
36,47,142,327,11247,11921.82,2019
37,47,20,35,781,827.86,2019
37,49,50,77,1536,1628.16,2019
39,49,50,114,5006,5306.36,2019
42,49,33,51,1643,1741.58,2019
49,49,9,26,807,855.42,2019
48,491,-16,-30,-759,-804.54,2019
13,51,4,15,573,607.38,2019
37,51,248,452,16622,17619.32,2019
41,51,-19,-24,1712,1814.72,2019
45,51,-87,-140,-9358,-9919.48,2019
24,510,47,92,1309,1387.54,2019
29,510,-20,-25,-1442,-1528.52,2019
51,510,-17,-13,-530,-561.8,2019
27,53,35,85,5987,6346.22,2019
53,53,-7,-4,-430,-455.8,2019
31,55,20,48,1463,1550.78,2019
36,55,119,222,8576,9090.56,2019
37,55,10,1,-1272,-1348.32,2019
51,550,12,8,1111,1177.66,2019
12,57,-8,39,769,815.14,2019
18,57,28,64,3218,3411.08,2019
37,57,17,12,94,99.64,2019
6,59,27,77,4451,4718.06,2019
8,59,0,-2,77,81.62,2019
13,59,25,43,1159,1228.54,2019
36,59,142,287,11098,11763.88,2019
51,59,157,313,22481,23829.86,2019
51,590,23,31,1192,1263.52,2019
12,61,-20,-29,-2050,-2173,2019
36,61,-27,67,8705,9227.3,2019
37,61,37,73,1597,1692.82,2019
39,61,45,83,2804,2972.24,2019
53,61,-9,-18,-914,-968.84,2019
54,61,24,45,2734,2898.04,2019
37,63,20,971,-2474,-2622.44,2019
45,63,5,20,955,1012.3,2019
6,65,18,50,1901,2015.06,2019
26,65,26,43,1601,1697.06,2019
36,65,24,46,1368,1450.08,2019
37,65,6,25,436,462.16,2019
47,65,-1,4,939,995.34,2019
51,650,2,-2,484,513.04,2019
6,67,-9,0,-197,-208.82,2019
13,67,13,14,2843,3013.58,2019
21,67,34,53,2783,2949.98,2019
36,67,77,151,5401,5725.06,2019
37,67,136,201,13873,14705.38,2019
41,67,-15,-11,51,54.06,2019
51,680,39,62,1679,1779.74,2019
8,69,28,52,1993,2112.58,2019
12,69,2,8,380,402.8,2019
37,69,-569,-1324,-42717,-45280.02,2019
51,700,0,-2,367,389.02,2019
6,71,19,48,1562,1655.72,2019
12,71,20,44,-624,-661.44,2019
22,71,26,36,1636,1734.16,2019
36,71,38,72,3075,3259.5,2019
37,71,-15,-17,-2055,-2178.3,2019
42,71,31,56,2113,2239.78,2019
51,710,8,21,1677,1777.62,2019
1,73,17,31,891,944.46,2019
6,73,110,273,10226,10839.56,2019
12,73,41,67,2538,2690.28,2019
13,73,20,48,1489,1578.34,2019
6,75,-35,-5,329,348.74,2019
51,760,5,21,396,419.76,2019
37,77,-192,-366,-13155,-13944.3,2019
45,77,26,51,1292,1369.52,2019
51,770,31,47,1427,1512.62,2019
45,79,35,50,1324,1403.44,2019
55,79,51,82,3254,3449.24,2019
6,81,-29,6,1077,1141.62,2019
12,81,9,11,229,242.74,2019
26,81,28,45,1710,1812.6,2019
36,81,197,428,14200,15052,2019
37,81,201,147,16311,17289.66,2019
51,810,62,146,4958,5255.48,2019
12,83,20,34,981,1039.86,2019
37,83,0,-10,1288,1365.28,2019
45,83,0,-1,-487,-516.22,2019
6,85,-105,23,-822,-871.32,2019
36,85,35,78,1628,1725.68,2019
37,85,-260,-514,-16381,-17363.86,2019
48,85,-42,-91,-3319,-3518.14,2019
12,86,70,130,4606,4882.36,2019
36,87,33,56,2305,2443.3,2019
37,87,28,41,1680,1780.8,2019
51,87,25,60,2117,2244.02,2019
1,89,-5,-15,0,0,2019
13,89,-24,4,-1768,-1874.08,2019
37,89,-9,-24,-2065,-2188.9,2019
12,91,-21,-35,-2086,-2211.16,2019
20,91,24,54,2092,2217.52,2019
36,91,29,65,3015,3195.9,2019
37,91,24,43,811,859.66,2019
42,91,44,73,4589,4864.34,2019
45,91,-4,2,-1235,-1309.1,2019
37,93,25,63,993,1052.58,2019
47,93,-13,-29,-1603,-1699.18,2019
12,95,28,46,2864,3035.84,2019
29,95,20,45,1162,1231.72,2019
39,95,20,35,885,938.1,2019
12,97,13,32,313,331.78,2019
17,97,51,118,13264,14059.84,2019
18,97,-4,-25,763,808.78,2019
37,97,11,6,334,354.04,2019
12,99,83,115,5355,5676.3,2019
26,99,26,51,2052,2175.12,2019
6,1,99,231,20029,21030.45,2020
8,1,0,14,-83,-87.15,2020
9,1,89,208,15352,16119.6,2020
11,1,117,179,20126,21132.3,2020
12,1,38,40,982,1031.1,2020
16,1,20,34,1735,1821.75,2020
35,1,1,13,842,884.1,2020
36,1,28,42,2088,2192.4,2020
37,1,-792,-1634,-32784,-34423.2,2020
9,3,66,159,8180,8589,2020
10,3,24,61,1795,1884.75,2020
15,3,7,22,1868,1961.4,2020
24,3,28,96,3789,3978.45,2020
32,3,-1,37,58,60.9,2020
34,3,106,231,8231,8642.55,2020
42,3,73,121,5436,5707.8,2020
44,3,20,37,1461,1534.05,2020
51,3,3,10,-327,-343.35,2020
8,5,23,59,2725,2861.25,2020
24,5,85,178,9025,9476.25,2020
25,5,27,58,1771,1859.55,2020
34,5,23,69,2593,2722.65,2020
36,5,98,202,4820,5061,2020
34,7,33,64,2118,2223.9,2020
36,7,41,59,3093,3247.65,2020
44,7,5,36,1369,1437.45,2020
50,7,29,42,2460,2583,2020
9,9,45,76,4504,4729.2,2020
12,9,6,6,-783,-822.15,2020
25,9,11,32,-73,-76.65,2020
37,9,-31,-58,-4053,-4255.65,2020
12,101,13,21,392,411.6,2020
37,101,-1975,-4420,-109266,-114729.3,2020
42,101,29,93,3866,4059.3,2020
12,103,7,13,-1545,-1622.25,2020
36,103,313,667,26260,27573,2020
12,105,9,26,72,75.6,2020
37,105,-149,-324,-7568,-7946.4,2020
37,107,4,-13,245,257.25,2020
51,107,63,144,11794,12383.7,2020
12,109,-19,-44,-1991,-2090.55,2020
37,109,-3,-21,-3836,-4027.8,2020
40,109,-22,-44,-1549,-1626.45,2020
9,11,21,30,1063,1116.15,2020
12,11,184,427,14065,14768.25,2020
33,11,32,69,3656,3838.8,2020
37,11,-21,-38,-2412,-2532.6,2020
6,111,34,71,4425,4646.25,2020
12,111,32,64,1822,1913.1,2020
21,111,4,-13,-199,-208.95,2020
39,113,44,86,2667,2800.35,2020
48,113,24,94,147,154.35,2020
12,115,-2,3,-776,-814.8,2020
12,117,29,35,1574,1652.7,2020
13,117,6,-1,2070,2173.5,2020
37,117,-27,-43,-1532,-1608.6,2020
51,117,-30,-63,-3089,-3243.45,2020
5,119,24,41,1925,2021.25,2020
36,119,99,199,14164,14872.2,2020
37,119,-110,-171,-2775,-2913.75,2020
13,121,-54,-77,-3303,-3468.15,2020
48,121,16,32,1296,1360.8,2020
51,121,19,25,1412,1482.6,2020
26,125,33,79,4521,4747.05,2020
37,125,-21,-67,-9128,-9584.4,2020
12,127,1,12,-802,-842.1,2020
37,127,-55,-285,-9243,-9705.15,2020
37,129,-77,-287,-36268,-38081.4,2020
42,129,20,35,1814,1904.7,2020
4,13,43,105,6877,7220.85,2020
6,13,42,124,6838,7179.9,2020
8,13,2,6,435,456.75,2020
25,13,26,47,1274,1337.7,2020
34,13,118,266,7867,8260.35,2020
37,13,-17,-54,-2494,-2618.7,2020
45,13,2,3,-3648,-3830.4,2020
51,13,59,117,10013,10513.65,2020
37,131,-1,-6,-1355,-1422.75,2020
37,133,-39,-24,-11872,-12465.6,2020
42,133,31,59,2444,2566.2,2020
55,133,23,51,2708,2843.4,2020
13,135,5,48,671,704.55,2020
37,135,338,194,14376,15094.8,2020
37,139,34,69,1319,1384.95,2020
37,141,-39,-117,-5520,-5796,2020
48,141,-2,-16,310,325.5,2020
37,145,-177,-348,-10892,-11436.6,2020
37,147,325,510,21326,22392.3,2020
45,15,-3,-32,-1787,-1876.35,2020
37,151,-20,-46,-1341,-1408.05,2020
19,153,24,47,1367,1435.35,2020
37,153,9,10,300,315,2020
39,153,40,81,1959,2056.95,2020
51,153,103,194,15378,16146.9,2020
37,155,0,-17,-35,-36.75,2020
37,157,31,55,1079,1132.95,2020
47,157,31,54,2813,2953.65,2020
48,157,25,80,2997,3146.85,2020
37,159,-5,14,-889,-933.45,2020
26,161,3,-12,-1708,-1793.4,2020
51,161,25,68,2001,2101.05,2020
26,163,51,76,1724,1810.2,2020
37,163,-17,-45,-1389,-1458.45,2020
39,165,20,55,2605,2735.25,2020
47,165,-21,-39,-1590,-1669.5,2020
37,167,-20,-33,-1225,-1286.25,2020
24,17,20,32,1050,1102.5,2020
25,17,133,282,23650,24832.5,2020
34,17,84,197,16698,17532.9,2020
42,17,44,91,5055,5307.75,2020
37,171,-2,-17,-757,-794.85,2020
20,173,20,33,1483,1557.15,2020
37,179,21,17,1042,1094.1,2020
51,179,22,47,1919,2014.95,2020
37,181,-18,-66,-467,-490.35,2020
37,183,2716,5812,201660,211743,2020
37,185,-10,-13,-4408,-4628.4,2020
47,187,-25,-53,-3761,-3949.05,2020
29,189,50,99,5395,5664.75,2020
37,189,56,55,-811,-851.55,2020
4,19,4,24,1096,1150.8,2020
37,19,-254,-488,-34877,-36620.85,2020
45,19,4,-18,-6170,-6478.5,2020
37,191,-26,-109,851,893.55,2020
37,195,12,-11,3189,3348.45,2020
17,197,24,52,2111,2216.55,2020
48,201,-19,-2,-83,-87.15,2020
12,21,15,27,2415,2535.75,2020
24,21,38,81,3404,3574.2,2020
25,21,44,91,5446,5718.3,2020
34,21,48,99,4688,4922.4,2020
37,21,-101,-166,-16527,-17353.35,2020
25,23,33,68,3510,3685.5,2020
34,23,128,290,11223,11784.15,2020
37,23,-13,-26,-935,-981.75,2020
24,25,25,52,3169,3327.45,2020
25,25,97,172,12627,13258.35,2020
34,25,57,112,5711,5996.55,2020
37,25,-23,-29,419,439.95,2020
55,25,40,60,5116,5371.8,2020
24,27,23,68,3700,3885,2020
25,27,5,32,1929,2025.45,2020
34,27,35,83,2191,2300.55,2020
36,27,44,66,2819,2959.95,2020
37,27,13,17,1079,1132.95,2020
34,29,41,94,3103,3258.15,2020
36,29,86,170,7628,8009.4,2020
42,29,31,80,4543,4770.15,2020
48,29,5,35,2911,3056.55,2020
8,31,-81,-92,-2686,-2820.3,2020
12,31,1,-5,-613,-643.65,2020
17,31,208,449,37602,39482.1,2020
24,31,93,165,14325,15041.25,2020
34,31,28,51,1756,1843.8,2020
37,31,-203,-430,-45738,-48024.9,2020
12,33,-25,-37,-1209,-1269.45,2020
22,33,25,45,1917,2012.85,2020
24,33,83,218,6264,6577.2,2020
37,33,-10,-21,-712,-747.6,2020
53,33,-134,-93,-9129,-9585.45,2020
8,35,10,48,2210,2320.5,2020
34,35,35,85,4292,4506.6,2020
37,35,37,39,194,203.7,2020
39,35,26,63,1404,1474.2,2020
45,35,32,49,1525,1601.25,2020
49,35,44,109,3659,3841.95,2020
6,37,292,589,43844,46036.2,2020
27,37,20,45,1770,1858.5,2020
34,37,20,41,1566,1644.3,2020
37,37,-491,-1165,-78995,-82944.75,2020
47,37,-15,-4,-4612,-4842.6,2020
34,39,39,96,6768,7106.4,2020
54,39,20,35,865,908.25,2020
8,41,0,-35,-518,-543.9,2020
48,41,-20,-33,-1151,-1208.55,2020
51,41,-14,-20,-150,-157.5,2020
17,43,78,148,7479,7852.95,2020
42,43,20,51,1734,1820.7,2020
48,439,6,18,335,351.75,2020
37,45,2,-3,468,491.4,2020
42,45,32,68,5145,5402.25,2020
45,45,2,-2,-1195,-1254.75,2020
48,453,-32,-28,-9483,-9957.15,2020
36,47,302,599,35951,37748.55,2020
37,47,5,19,-548,-575.4,2020
37,49,-9,-29,138,144.9,2020
39,49,73,149,4854,5096.7,2020
42,49,28,39,1399,1468.95,2020
49,49,28,60,2774,2912.7,2020
48,491,3,9,-811,-851.55,2020
13,51,29,64,655,687.75,2020
37,51,232,345,19216,20176.8,2020
41,51,-4,-1,-193,-202.65,2020
45,51,-94,-194,-11676,-12259.8,2020
24,510,19,32,549,576.45,2020
51,510,29,94,5667,5950.35,2020
27,53,53,113,9638,10119.9,2020
53,53,-6,6,370,388.5,2020
31,55,24,62,2499,2623.95,2020
36,55,94,165,4524,4750.2,2020
37,55,13,10,-1929,-2025.45,2020
51,550,1,-1,351,368.55,2020
12,57,83,154,526,552.3,2020
18,57,29,56,3529,3705.45,2020
37,57,25,38,1840,1932,2020
6,59,105,257,9835,10326.75,2020
8,59,17,43,659,691.95,2020
36,59,181,393,16395,17214.75,2020
37,59,20,42,1911,2006.55,2020
51,59,177,372,26632,27963.6,2020
12,61,-20,-34,-1577,-1655.85,2020
36,61,284,445,53434,56105.7,2020
37,61,12,15,584,613.2,2020
39,61,51,90,5539,5815.95,2020
53,61,11,19,1275,1338.75,2020
54,61,28,53,1915,2010.75,2020
37,63,603,2294,50686,53220.3,2020
45,63,14,11,-40,-42,2020
6,65,27,60,2242,2354.1,2020
26,65,20,32,970,1018.5,2020
36,65,20,38,1112,1167.6,2020
37,65,3,6,-430,-451.5,2020
47,65,25,42,1896,1990.8,2020
51,650,36,56,1792,1881.6,2020
6,67,19,50,1829,1920.45,2020
13,67,1,15,1636,1717.8,2020
21,67,3,5,-735,-771.75,2020
36,67,68,90,4876,5119.8,2020
37,67,103,138,6076,6379.8,2020
41,67,3,5,1936,2032.8,2020
51,680,6,13,444,466.2,2020
8,69,-5,-13,-1318,-1383.9,2020
12,69,3,-4,322,338.1,2020
37,69,-696,-1595,-47966,-50364.3,2020
51,700,9,13,933,979.65,2020
6,71,34,68,2154,2261.7,2020
12,71,33,64,2303,2418.15,2020
22,71,21,25,927,973.35,2020
36,71,59,103,4638,4869.9,2020
37,71,-28,-53,-1933,-2029.65,2020
42,71,32,52,3270,3433.5,2020
51,710,23,36,1332,1398.6,2020
1,73,31,49,1955,2052.75,2020
6,73,135,299,9994,10493.7,2020
12,73,24,35,2442,2564.1,2020
13,73,22,49,1670,1753.5,2020
6,75,43,80,23029,24180.45,2020
51,760,28,26,2690,2824.5,2020
26,77,24,50,2496,2620.8,2020
37,77,-318,-772,-19603,-20583.15,2020
42,77,33,67,5467,5740.35,2020
51,770,-24,-32,-1280,-1344,2020
45,79,64,79,2628,2759.4,2020
55,79,8,23,820,861,2020
51,800,24,44,1734,1820.7,2020
6,81,23,73,13730,14416.5,2020
12,81,-7,-10,-2653,-2785.65,2020
26,81,2,14,283,297.15,2020
36,81,276,552,17981,18880.05,2020
37,81,43,35,11288,11852.4,2020
51,810,28,24,2243,2355.15,2020
37,83,45,64,1256,1318.8,2020
45,83,0,-2,47,49.35,2020
51,83,0,4,-142,-149.1,2020
6,85,5,225,20851,21893.55,2020
36,85,33,73,2395,2514.75,2020
37,85,-346,-901,-19083,-20037.15,2020
48,85,-2,-18,-322,-338.1,2020
12,86,194,446,10392,10911.6,2020
36,87,32,61,2745,2882.25,2020
37,87,-23,-39,-1780,-1869,2020
51,87,-4,37,3505,3680.25,2020
1,89,22,41,1253,1315.65,2020
13,89,-5,-40,-1927,-2023.35,2020
17,89,26,60,3757,3944.85,2020
37,89,-16,-35,-2693,-2827.65,2020
12,91,-6,9,-741,-778.05,2020
20,91,16,54,3078,3231.9,2020
37,91,21,36,564,592.2,2020
42,91,-4,21,-913,-958.65,2020
45,91,-16,-33,-1884,-1978.2,2020
37,93,13,28,692,726.6,2020
47,93,19,16,2144,2251.2,2020
12,95,87,120,5983,6282.15,2020
29,95,-22,-33,-1188,-1247.4,2020
39,95,21,35,1358,1425.9,2020
42,95,27,51,2375,2493.75,2020
51,95,21,35,1615,1695.75,2020
12,97,-7,-11,-965,-1013.25,2020
17,97,37,89,11704,12289.2,2020
18,97,17,39,2072,2175.6,2020
37,97,-6,-57,-467,-490.35,2020
12,99,88,173,1094,1148.7,2020
26,99,27,54,1411,1481.55,2020
37,99,-27,-38,-2004,-2104.2,2020
6,1,113,300,31056,31056,2021
8,1,12,23,657,657,2021
9,1,144,290,20496,20496,2021
11,1,88,139,16679,16679,2021
12,1,38,43,1829,1829,2021
16,1,-24,-38,-2193,-2193,2021
35,1,2,5,532,532,2021
36,1,36,62,1779,1779,2021
37,1,-806,-1636,-42795,-42795,2021
9,3,91,168,7767,7767,2021
10,3,24,42,2506,2506,2021
15,3,8,25,559,559,2021
18,3,21,37,1503,1503,2021
24,3,33,69,5912,5912,2021
32,3,71,148,5251,5251,2021
34,3,95,226,10607,10607,2021
42,3,108,190,10626,10626,2021
51,3,-12,-39,-1288,-1288,2021
8,5,37,79,4265,4265,2021
23,5,29,62,2327,2327,2021
24,5,84,162,8755,8755,2021
25,5,32,59,2161,2161,2021
34,5,45,81,3204,3204,2021
36,5,147,266,7056,7056,2021
34,7,39,73,3255,3255,2021
36,7,33,55,2222,2222,2021
44,7,33,52,3578,3578,2021
50,7,22,37,2286,2286,2021
9,9,91,175,7559,7559,2021
12,9,5,7,-542,-542,2021
25,9,67,130,6034,6034,2021
37,9,-41,-73,-3018,-3018,2021
12,101,-16,-32,-2581,-2581,2021
37,101,-2193,-4612,-120548,-120548,2021
42,101,36,111,5636,5636,2021
12,103,-30,-38,-1835,-1835,2021
19,103,21,36,1666,1666,2021
36,103,342,685,26901,26901,2021
12,105,-20,-52,-2291,-2291,2021
37,105,-254,-496,-14289,-14289,2021
37,107,-1,7,-774,-774,2021
51,107,79,164,12574,12574,2021
12,109,-18,-59,-2190,-2190,2021
37,109,4,7,1369,1369,2021
40,109,25,45,1119,1119,2021
12,11,199,421,15044,15044,2021
33,11,27,49,2497,2497,2021
42,11,25,41,1569,1569,2021
6,111,47,99,5143,5143,2021
21,111,14,25,2801,2801,2021
12,113,-20,-32,-1010,-1010,2021
39,113,22,37,1703,1703,2021
48,113,-18,-1,2871,2871,2021
12,115,22,17,1732,1732,2021
12,117,18,23,2218,2218,2021
13,117,-10,-38,-1872,-1872,2021
37,117,21,31,719,719,2021
51,117,-5,-10,-1967,-1967,2021
5,119,21,30,1309,1309,2021
12,119,-21,-31,-2052,-2052,2021
36,119,142,295,20803,20803,2021
37,119,-165,-187,-4458,-4458,2021
13,121,5,9,4459,4459,2021
48,121,15,29,731,731,2021
51,121,20,18,1613,1613,2021
8,123,21,40,2190,2190,2021
27,123,8,29,878,878,2021
26,125,70,152,7934,7934,2021
37,125,-48,-109,-8637,-8637,2021
42,125,25,43,1882,1882,2021
47,125,1,20,-78,-78,2021
12,127,-10,-14,-1249,-1249,2021
37,127,-127,-291,-1685,-1685,2021
37,129,-222,-459,-50549,-50549,2021
42,129,22,38,1585,1585,2021
4,13,112,274,10081,10081,2021
6,13,120,293,23069,23069,2021
8,13,-17,-9,-997,-997,2021
34,13,117,262,10206,10206,2021
37,13,-22,-55,-5048,-5048,2021
45,13,-10,-26,-3001,-3001,2021
51,13,56,111,11865,11865,2021
37,131,24,39,1057,1057,2021
37,133,-23,-105,-8479,-8479,2021
55,133,39,94,4521,4521,2021
13,135,20,2,2679,2679,2021
37,135,328,281,21860,21860,2021
37,137,-31,-51,-2923,-2923,2021
37,139,1,0,-527,-527,2021
37,141,-77,-196,-17083,-17083,2021
48,141,22,49,787,787,2021
40,143,22,40,2064,2064,2021
37,145,-123,-243,-7229,-7229,2021
37,147,336,455,19378,19378,2021
47,149,-2,-9,-335,-335,2021
12,15,1,2,-319,-319,2021
33,15,31,83,4134,4134,2021
45,15,-1,5,-1312,-1312,2021
37,151,-66,-137,-3623,-3623,2021
19,153,-52,-84,-1695,-1695,2021
37,153,29,47,1158,1158,2021
39,153,47,75,3083,3083,2021
51,153,59,93,5542,5542,2021
37,155,4,3,-890,-890,2021
37,157,-33,-65,-1254,-1254,2021
47,157,44,82,4420,4420,2021
48,157,1,5,694,694,2021
37,159,7,4,144,144,2021
26,161,73,114,5081,5081,2021
37,161,-2,-4,-820,-820,2021
51,161,26,44,2902,2902,2021
19,163,21,37,1815,1815,2021
26,163,29,58,2655,2655,2021
37,163,-4,-54,-1566,-1566,2021
37,165,25,34,919,919,2021
39,165,23,56,3145,3145,2021
24,17,4,19,963,963,2021
25,17,120,250,21232,21232,2021
34,17,71,149,12917,12917,2021
37,17,-30,-53,-1555,-1555,2021
42,17,52,95,5987,5987,2021
37,171,2,9,1583,1583,2021
51,177,24,43,2030,2030,2021
37,179,0,-18,-1477,-1477,2021
51,179,25,48,1700,1700,2021
37,181,31,48,-1575,-1575,2021
37,183,2682,5603,175854,175854,2021
37,185,-22,-50,-4419,-4419,2021
47,187,-4,-7,253,253,2021
29,189,55,126,6755,6755,2021
37,189,1,-50,-7283,-7283,2021
4,19,-10,-8,-690,-690,2021
34,19,29,52,3282,3282,2021
37,19,-319,-615,-50289,-50289,2021
42,19,20,33,1880,1880,2021
45,19,-18,-39,-1841,-1841,2021
37,191,-26,-120,-2174,-2174,2021
37,193,-24,-51,-2353,-2353,2021
37,195,-77,-178,-5466,-5466,2021
17,197,33,71,3590,3590,2021
48,201,23,77,9845,9845,2021
12,21,-2,1,-282,-282,2021
24,21,10,15,722,722,2021
25,21,77,185,11352,11352,2021
34,21,24,56,3869,3869,2021
37,21,-81,-144,-15461,-15461,2021
13,215,20,38,1578,1578,2021
25,23,29,59,1862,1862,2021
34,23,127,344,15278,15278,2021
37,23,26,36,992,992,2021
24,25,26,47,2895,2895,2021
25,25,58,98,10422,10422,2021
34,25,46,95,7136,7136,2021
37,25,1,-26,-328,-328,2021
55,25,31,48,2457,2457,2021
24,27,35,79,6235,6235,2021
25,27,52,128,5303,5303,2021
34,27,94,200,14491,14491,2021
36,27,37,73,2636,2636,2021
37,27,-1,-10,-896,-896,2021
6,29,24,44,1178,1178,2021
34,29,29,65,1536,1536,2021
36,29,44,90,2442,2442,2021
42,29,29,59,4603,4603,2021
48,29,-42,-74,-1238,-1238,2021
8,31,-39,-29,-758,-758,2021
12,31,0,-4,727,727,2021
17,31,244,515,41989,41989,2021
24,31,96,181,5609,5609,2021
34,31,52,133,4108,4108,2021
37,31,-235,-443,-44068,-44068,2021
12,33,20,28,715,715,2021
22,33,30,58,2558,2558,2021
24,33,113,214,9284,9284,2021
37,33,-2,-14,513,513,2021
53,33,-46,74,13110,13110,2021
48,339,-5,-8,123,123,2021
8,35,2,10,-358,-358,2021
34,35,32,102,8435,8435,2021
37,35,6,5,-326,-326,2021
39,35,37,63,3836,3836,2021
45,35,2,-4,-110,-110,2021
49,35,24,81,-228,-228,2021
6,37,331,696,32764,32764,2021
27,37,28,67,4354,4354,2021
34,37,21,43,1364,1364,2021
37,37,-509,-1243,-91956,-91956,2021
47,37,-21,-20,1018,1018,2021
34,39,97,191,9423,9423,2021
54,39,25,49,1350,1350,2021
8,41,67,145,3125,3125,2021
37,41,21,35,1085,1085,2021
39,41,22,51,2923,2923,2021
42,41,20,31,1274,1274,2021
45,41,27,44,1637,1637,2021
51,41,-4,-8,974,974,2021
17,43,37,89,4762,4762,2021
48,439,-12,-20,1779,1779,2021
24,45,22,39,1023,1023,2021
37,45,3,2,-343,-343,2021
42,45,36,74,3056,3056,2021
45,45,6,-3,584,584,2021
48,453,-48,-29,3395,3395,2021
36,47,285,570,26087,26087,2021
37,47,10,30,1010,1010,2021
37,49,4,29,222,222,2021
39,49,70,140,7458,7458,2021
42,49,24,34,1596,1596,2021
49,49,14,8,-1574,-1574,2021
48,491,6,23,1387,1387,2021
13,51,-3,10,-80,-80,2021
37,51,234,451,17561,17561,2021
41,51,0,3,741,741,2021
45,51,-121,-221,-18138,-18138,2021
24,510,57,96,6610,6610,2021
51,510,51,93,6026,6026,2021
27,53,44,118,5270,5270,2021
53,53,8,10,676,676,2021
51,540,30,34,1646,1646,2021
31,55,27,68,3526,3526,2021
36,55,143,258,13467,13467,2021
37,55,-7,-21,-2991,-2991,2021
51,550,2,10,1610,1610,2021
12,57,-34,-44,718,718,2021
13,57,-23,-46,-1854,-1854,2021
18,57,29,85,5159,5159,2021
37,57,-9,-24,-1392,-1392,2021
45,57,-6,-15,-953,-953,2021
6,59,120,317,18409,18409,2021
8,59,-8,-8,-1613,-1613,2021
13,59,23,27,1459,1459,2021
36,59,247,494,27374,27374,2021
37,59,0,3,-107,-107,2021
51,59,246,453,32102,32102,2021
51,590,23,34,1115,1115,2021
6,61,25,50,2094,2094,2021
12,61,22,40,2196,2196,2021
36,61,163,271,36020,36020,2021
37,61,-24,-45,-741,-741,2021
39,61,21,37,1246,1246,2021
53,61,13,45,2474,2474,2021
54,61,21,46,2267,2267,2021
13,63,-20,-46,-777,-777,2021
37,63,923,2665,98756,98756,2021
45,63,-2,-15,-1713,-1713,2021
6,65,44,119,2698,2698,2021
26,65,25,54,2998,2998,2021
36,65,23,35,1381,1381,2021
37,65,-1,-15,-612,-612,2021
47,65,6,20,1001,1001,2021
51,650,-1,2,-94,-94,2021
6,67,55,108,6019,6019,2021
13,67,-13,-34,-286,-286,2021
21,67,14,20,1655,1655,2021
36,67,49,82,3287,3287,2021
37,67,93,65,6546,6546,2021
41,67,11,43,1863,1863,2021
51,680,39,63,2667,2667,2021
8,69,-4,-6,-743,-743,2021
12,69,9,8,343,343,2021
37,69,-819,-1835,-60948,-60948,2021
51,700,14,13,879,879,2021
6,71,22,43,810,810,2021
12,71,14,14,-2084,-2084,2021
22,71,10,15,2394,2394,2021
36,71,73,147,7165,7165,2021
37,71,2,-13,-1125,-1125,2021
42,71,29,52,2354,2354,2021
51,710,25,35,2070,2070,2021
1,73,-1,5,489,489,2021
6,73,180,417,22415,22415,2021
12,73,17,15,1099,1099,2021
13,73,-20,-42,-1624,-1624,2021
6,75,89,138,27051,27051,2021
51,760,8,7,1408,1408,2021
37,77,-289,-616,-15789,-15789,2021
42,77,2,11,355,355,2021
51,770,34,57,1422,1422,2021
37,79,-20,-27,-617,-617,2021
42,79,26,49,1287,1287,2021
45,79,39,16,489,489,2021
55,79,21,49,2239,2239,2021
6,81,27,103,13512,13512,2021
12,81,-14,-33,-2295,-2295,2021
26,81,28,64,2327,2327,2021
36,81,267,499,18985,18985,2021
37,81,172,123,7474,7474,2021
51,810,98,200,7139,7139,2021
12,83,-5,-10,-77,-77,2021
36,83,25,37,1120,1120,2021
37,83,9,21,-1490,-1490,2021
45,83,-1,-12,-285,-285,2021
51,83,5,9,102,102,2021
6,85,94,422,58021,58021,2021
12,85,22,33,1040,1040,2021
36,85,43,76,3835,3835,2021
37,85,-652,-1524,-48909,-48909,2021
48,85,-41,-54,-3659,-3659,2021
12,86,205,447,11443,11443,2021
36,87,44,91,4182,4182,2021
37,87,-27,-37,-1741,-1741,2021
51,87,20,40,3882,3882,2021
1,89,3,-11,576,576,2021
13,89,-11,-6,2050,2050,2021
17,89,36,78,4564,4564,2021
37,89,-22,-32,-1645,-1645,2021
42,89,29,47,1409,1409,2021
12,91,4,8,897,897,2021
20,91,11,23,-154,-154,2021
36,91,29,56,3204,3204,2021
37,91,25,56,911,911,2021
42,91,47,81,1981,1981,2021
45,91,-19,-29,-1766,-1766,2021
36,93,25,65,1207,1207,2021
37,93,-10,-21,-218,-218,2021
47,93,-47,-78,-5132,-5132,2021
12,95,143,253,4853,4853,2021
29,95,25,44,2099,2099,2021
39,95,20,37,1094,1094,2021
42,95,26,44,1617,1617,2021
51,95,23,41,2036,2036,2021
6,97,28,61,3881,3881,2021
12,97,-11,-29,-2310,-2310,2021
17,97,55,109,6744,6744,2021
18,97,21,30,2328,2328,2021
37,97,-28,-56,-5283,-5283,2021
12,99,102,204,2530,2530,2021
